X,Y,OBJECTID,Province_State,Country_Region,Last_Update,Lat,Long_,Confirmed,Recovered,Deaths,Active,Admin2,FIPS,Combined_Key
67.709953,33.93911,1,,Afghanistan,2020/12/15 05:26:38+00,33.93911,67.709953,48718,38252,1969,8497,,,Afghanistan
20.1683,41.1533,2,,Albania,2020/12/15 05:26:38+00,41.1533,20.1683,49191,24820,1016,23355,,,Albania
1.6596,28.0339,3,,Algeria,2020/12/15 05:26:38+00,28.0339,1.6596,92597,60888,2609,29100,,,Algeria
1.5218,42.5063,4,,Andorra,2020/12/15 05:26:38+00,42.5063,1.5218,7382,6706,79,597,,,Andorra
17.8739,-11.2027,5,,Angola,2020/12/15 05:26:38+00,-11.2027,17.8739,16277,8924,372,6981,,,Angola
-61.7964,17.0608,6,,Antigua and Barbuda,2020/12/15 05:26:38+00,17.0608,-61.7964,148,138,5,5,,,Antigua and Barbuda
-63.6167,-38.4161,7,,Argentina,2020/12/15 05:26:38+00,-38.4161,-63.6167,1503222,1340120,41041,122061,,,Argentina
45.0382,40.0691,8,,Armenia,2020/12/15 05:26:38+00,40.0691,45.0382,148682,125966,2503,20213,,,Armenia
149.0124,-35.4735,9,Australian Capital Territory,Australia,2020/12/15 05:26:38+00,-35.4735,149.0124,117,114,3,0,,,"Australian Capital Territory, Australia"
151.2093,-33.8688,10,New South Wales,Australia,2020/12/15 05:26:38+00,-33.8688,151.2093,4650,3191,53,1406,,,"New South Wales, Australia"
130.8456,-12.4634,11,Northern Territory,Australia,2020/12/15 05:26:38+00,-12.4634,130.8456,66,58,0,8,,,"Northern Territory, Australia"
153.0251,-27.4698,12,Queensland,Australia,2020/12/15 05:26:38+00,-27.4698,153.0251,1228,1204,6,18,,,"Queensland, Australia"
138.6007,-34.9285,13,South Australia,Australia,2020/12/15 05:26:38+00,-34.9285,138.6007,563,559,4,0,,,"South Australia, Australia"
147.3272,-42.8821,14,Tasmania,Australia,2020/12/15 05:26:38+00,-42.8821,147.3272,234,217,13,4,,,"Tasmania, Australia"
144.9631,-37.8136,15,Victoria,Australia,2020/12/15 05:26:38+00,-37.8136,144.9631,20352,19525,820,7,,,"Victoria, Australia"
115.8605,-31.9505,16,Western Australia,Australia,2020/12/15 05:26:38+00,-31.9505,115.8605,838,821,9,8,,,"Western Australia, Australia"
14.5501,47.5162,17,,Austria,2020/12/15 05:26:38+00,47.5162,14.5501,325051,284174,4530,36347,,,Austria
47.5769,40.1431,18,,Azerbaijan,2020/12/15 05:26:38+00,40.1431,47.5769,178986,114841,1966,62179,,,Azerbaijan
-78.035889,25.025885,19,,Bahamas,2020/12/15 05:26:38+00,25.025885,-78.035889,7674,6070,163,1441,,,Bahamas
50.55,26.0275,20,,Bahrain,2020/12/15 05:26:38+00,26.0275,50.55,89268,87332,348,1588,,,Bahrain
90.3563,23.685,21,,Bangladesh,2020/12/15 05:26:38+00,23.685,90.3563,492332,423845,7089,61398,,,Bangladesh
-59.5432,13.1939,22,,Barbados,2020/12/15 05:26:38+00,13.1939,-59.5432,296,272,7,17,,,Barbados
27.9534,53.7098,23,,Belarus,2020/12/15 05:26:38+00,53.7098,27.9534,162148,139785,1273,21090,,,Belarus
4.4024,51.2195,24,Antwerp,Belgium,2020/12/15 05:26:38+00,51.2195,4.4024,72928,0,0,72928,,,"Antwerp, Belgium"
4.3517,50.8503,25,Brussels,Belgium,2020/12/15 05:26:38+00,50.8503,4.3517,78760,0,0,78760,,,"Brussels, Belgium"
3.7373,51.0362,26,East Flanders,Belgium,2020/12/15 05:26:38+00,51.0362,3.7373,58994,0,0,58994,,,"East Flanders, Belgium"
4.5833,50.9167,27,Flemish Brabant,Belgium,2020/12/15 05:26:38+00,50.9167,4.5833,46545,0,0,46545,,,"Flemish Brabant, Belgium"
4.0621,50.5257,28,Hainaut,Belgium,2020/12/15 05:26:38+00,50.5257,4.0621,97558,0,0,97558,,,"Hainaut, Belgium"
5.8492,50.4496,29,Liege,Belgium,2020/12/15 05:26:38+00,50.4496,5.8492,94046,0,0,94046,,,"Liege, Belgium"
5.342,50.9739,30,Limburg,Belgium,2020/12/15 05:26:38+00,50.9739,5.342,26446,0,0,26446,,,"Limburg, Belgium"
5.4677,50.0547,31,Luxembourg,Belgium,2020/12/15 05:26:38+00,50.0547,5.4677,17347,0,0,17347,,,"Luxembourg, Belgium"
4.8221,50.331,32,Namur,Belgium,2020/12/15 05:26:38+00,50.331,4.8221,33739,0,0,33739,,,"Namur, Belgium"
,,33,Unknown,Belgium,2020/12/15 05:26:38+00,,,10039,0,18054,-8015,,,"Unknown, Belgium"
4.35,50.4,34,Walloon Brabant,Belgium,2020/12/15 05:26:38+00,50.4,4.35,24057,0,0,24057,,,"Walloon Brabant, Belgium"
3.1458,51.0536,35,West Flanders,Belgium,2020/12/15 05:26:38+00,51.0536,3.1458,48752,0,0,48752,,,"West Flanders, Belgium"
-88.4976,17.1899,36,,Belize,2020/12/15 05:26:38+00,17.1899,-88.4976,9377,4414,197,4766,,,Belize
2.3158,9.3077,37,,Benin,2020/12/15 05:26:38+00,9.3077,2.3158,3090,2972,44,74,,,Benin
90.4336,27.5142,38,,Bhutan,2020/12/15 05:26:38+00,27.5142,90.4336,438,404,0,34,,,Bhutan
-63.5887,-16.2902,39,,Bolivia,2020/12/15 05:26:38+00,-16.2902,-63.5887,147345,126439,9024,11882,,,Bolivia
17.6791,43.9159,40,,Bosnia and Herzegovina,2020/12/15 05:26:38+00,43.9159,17.6791,101461,66486,3391,31584,,,Bosnia and Herzegovina
24.6849,-22.3285,41,,Botswana,2020/12/15 05:26:38+00,-22.3285,24.6849,12873,10456,38,2379,,,Botswana
-70.812,-9.0238,42,Acre,Brazil,2020/12/15 05:26:38+00,-9.0238,-70.812,38628,32639,753,5236,,,"Acre, Brazil"
-36.782,-9.5713,43,Alagoas,Brazil,2020/12/15 05:26:38+00,-9.5713,-36.782,98928,94234,2380,2314,,,"Alagoas, Brazil"
-52.003,0.902,44,Amapa,Brazil,2020/12/15 05:26:38+00,0.902,-52.003,63601,48648,854,14099,,,"Amapa, Brazil"
-65.8561,-3.4168,45,Amazonas,Brazil,2020/12/15 05:26:38+00,-3.4168,-65.8561,187279,159612,5011,22656,,,"Amazonas, Brazil"
-41.7007,-12.5797,46,Bahia,Brazil,2020/12/15 05:26:38+00,-12.5797,-41.7007,447126,427134,8635,11357,,,"Bahia, Brazil"
-39.3206,-5.4984,47,Ceara,Brazil,2020/12/15 05:26:38+00,-5.4984,-39.3206,316394,257263,9786,49345,,,"Ceara, Brazil"
-47.8645,-15.7998,48,Distrito Federal,Brazil,2020/12/15 05:26:38+00,-15.7998,-47.8645,240132,228322,4086,7724,,,"Distrito Federal, Brazil"
-40.3089,-19.1834,49,Espirito Santo,Brazil,2020/12/15 05:26:38+00,-19.1834,-40.3089,213124,197443,4571,11110,,,"Espirito Santo, Brazil"
-49.8362,-15.827,50,Goias,Brazil,2020/12/15 05:26:38+00,-15.827,-49.8362,294146,283508,6549,4089,,,"Goias, Brazil"
-45.2744,-4.9609,51,Maranhao,Brazil,2020/12/15 05:26:38+00,-4.9609,-45.2744,197267,188137,4386,4744,,,"Maranhao, Brazil"
-56.9211,-12.6819,52,Mato Grosso,Brazil,2020/12/15 05:26:38+00,-12.6819,-56.9211,166784,158568,4215,4001,,,"Mato Grosso, Brazil"
-54.7852,-20.7722,53,Mato Grosso do Sul,Brazil,2020/12/15 05:26:38+00,-20.7722,-54.7852,113981,98556,1949,13476,,,"Mato Grosso do Sul, Brazil"
-44.555,-18.5122,54,Minas Gerais,Brazil,2020/12/15 05:26:38+00,-18.5122,-44.555,469003,423918,10711,34374,,,"Minas Gerais, Brazil"
-54.9306,-1.9981,55,Para,Brazil,2020/12/15 05:26:38+00,-1.9981,-54.9306,280714,261876,7003,11835,,,"Para, Brazil"
-36.782,-7.24,56,Paraiba,Brazil,2020/12/15 05:26:38+00,-7.24,-36.782,153917,120419,3452,30046,,,"Paraiba, Brazil"
-52.0215,-25.2521,57,Parana,Brazil,2020/12/15 05:26:38+00,-25.2521,-52.0215,332158,232170,6803,93185,,,"Parana, Brazil"
-36.9541,-8.8137,58,Pernambuco,Brazil,2020/12/15 05:26:38+00,-8.8137,-36.9541,199046,172569,9299,17178,,,"Pernambuco, Brazil"
-42.7289,-7.7183,59,Piaui,Brazil,2020/12/15 05:26:38+00,-7.7183,-42.7289,134892,131714,2723,455,,,"Piaui, Brazil"
-36.9541,-5.4026,60,Rio Grande do Norte,Brazil,2020/12/15 05:26:38+00,-5.4026,-36.9541,104299,48821,2805,52673,,,"Rio Grande do Norte, Brazil"
-51.2177,-30.0346,61,Rio Grande do Sul,Brazil,2020/12/15 05:26:38+00,-30.0346,-51.2177,378893,351491,7681,19721,,,"Rio Grande do Sul, Brazil"
-43.1729,-22.9068,62,Rio de Janeiro,Brazil,2020/12/15 05:26:38+00,-22.9068,-43.1729,389893,359165,23740,6988,,,"Rio de Janeiro, Brazil"
-63.5806,-11.5057,63,Rondonia,Brazil,2020/12/15 05:26:38+00,-11.5057,-63.5806,86118,74704,1645,9769,,,"Rondonia, Brazil"
-62.0751,-2.7376,64,Roraima,Brazil,2020/12/15 05:26:38+00,-2.7376,-62.0751,66454,62652,755,3047,,,"Roraima, Brazil"
-50.2189,-27.2423,65,Santa Catarina,Brazil,2020/12/15 05:26:38+00,-27.2423,-50.2189,432050,395585,4420,32045,,,"Santa Catarina, Brazil"
-46.6333,-23.5505,66,Sao Paulo,Brazil,2020/12/15 05:26:38+00,-23.5505,-46.6333,1337016,1185217,44050,107749,,,"Sao Paulo, Brazil"
-37.3857,-10.5741,67,Sergipe,Brazil,2020/12/15 05:26:38+00,-10.5741,-37.3857,99753,86854,2370,10529,,,"Sergipe, Brazil"
-48.2982,-10.1753,68,Tocantins,Brazil,2020/12/15 05:26:38+00,-10.1753,-48.2982,85549,76830,1203,7516,,,"Tocantins, Brazil"
114.7277,4.5353,69,,Brunei,2020/12/15 05:26:38+00,4.5353,114.7277,152,147,3,2,,,Brunei
25.4858,42.7339,70,,Bulgaria,2020/12/15 05:26:38+00,42.7339,25.4858,181544,85578,5838,90128,,,Bulgaria
-1.5616,12.2383,71,,Burkina Faso,2020/12/15 05:26:38+00,12.2383,-1.5616,4209,2940,71,1198,,,Burkina Faso
95.956,21.9162,72,,Burma,2020/12/15 05:26:38+00,21.9162,95.956,109512,88131,2292,19089,,,Burma
29.9189,-3.3731,73,,Burundi,2020/12/15 05:26:38+00,-3.3731,29.9189,729,640,1,88,,,Burundi
-23.0418,16.5388,74,,Cabo Verde,2020/12/15 05:26:38+00,16.5388,-23.0418,11361,11036,110,215,,,Cabo Verde
104.9167,11.55,75,,Cambodia,2020/12/15 05:26:38+00,11.55,104.9167,362,312,0,50,,,Cambodia
11.5021,3.848,76,,Cameroon,2020/12/15 05:26:38+00,3.848,11.5021,25214,23851,443,920,,,Cameroon
-116.5765,53.9333,77,Alberta,Canada,2020/12/15 05:26:38+00,53.9333,-116.5765,81986,60130,733,21123,,,"Alberta, Canada"
-127.6476,53.7267,78,British Columbia,Canada,2020/12/15 05:26:38+00,53.7267,-127.6476,42943,31207,647,11089,,,"British Columbia, Canada"
,,79,Diamond Princess,Canada,2020/12/15 05:26:38+00,,,0,0,1,0,,,"Diamond Princess, Canada"
,,80,Grand Princess,Canada,2020/12/15 05:26:38+00,,,13,13,0,0,,,"Grand Princess, Canada"
-98.8139,53.7609,81,Manitoba,Canada,2020/12/15 05:26:38+00,53.7609,-98.8139,21264,14974,499,5791,,,"Manitoba, Canada"
-66.4619,46.5653,82,New Brunswick,Canada,2020/12/15 05:26:38+00,46.5653,-66.4619,558,490,8,60,,,"New Brunswick, Canada"
-57.6604,53.1355,83,Newfoundland and Labrador,Canada,2020/12/15 05:26:38+00,53.1355,-57.6604,358,332,4,22,,,"Newfoundland and Labrador, Canada"
-124.8457,64.8255,84,Northwest Territories,Canada,2020/12/15 05:26:38+00,64.8255,-124.8457,21,15,0,6,,,"Northwest Territories, Canada"
-63.7443,44.682,85,Nova Scotia,Canada,2020/12/15 05:26:38+00,44.682,-63.7443,1420,1298,65,57,,,"Nova Scotia, Canada"
-83.1076,70.2998,86,Nunavut,Canada,2020/12/15 05:26:38+00,70.2998,-83.1076,256,207,0,49,,,"Nunavut, Canada"
-85.3232,51.2538,87,Ontario,Canada,2020/12/15 05:26:38+00,51.2538,-85.3232,146067,127104,3988,14975,,,"Ontario, Canada"
-63.4168,46.5107,88,Prince Edward Island,Canada,2020/12/15 05:26:38+00,46.5107,-63.4168,89,72,0,17,,,"Prince Edward Island, Canada"
-73.5491,52.9399,89,Quebec,Canada,2020/12/15 05:26:38+00,52.9399,-73.5491,165535,141345,7533,16657,,,"Quebec, Canada"
,,90,Repatriated Travellers,Canada,2020/12/15 05:26:38+00,,,13,13,0,0,,,"Repatriated Travellers, Canada"
-106.4509,52.9399,91,Saskatchewan,Canada,2020/12/15 05:26:38+00,52.9399,-106.4509,12238,7767,91,4380,,,"Saskatchewan, Canada"
-135.0,64.2823,92,Yukon,Canada,2020/12/15 05:26:38+00,64.2823,-135,59,54,1,4,,,"Yukon, Canada"
20.9394,6.6111,93,,Central African Republic,2020/12/15 05:26:38+00,6.6111,20.9394,4936,1924,63,2949,,,Central African Republic
18.7322,15.4542,94,,Chad,2020/12/15 05:26:38+00,15.4542,18.7322,1771,1608,102,61,,,Chad
-70.3975,-23.6509,95,Antofagasta,Chile,2020/12/15 05:26:38+00,-23.6509,-70.3975,22653,21783,575,295,,,"Antofagasta, Chile"
-72.3311,-38.9489,96,Araucania,Chile,2020/12/15 05:26:38+00,-38.9489,-72.3311,19891,18679,261,951,,,"Araucania, Chile"
-69.4785,-18.594,97,Arica y Parinacota,Chile,2020/12/15 05:26:38+00,-18.594,-69.4785,10451,10086,214,151,,,"Arica y Parinacota, Chile"
-70.0503,-27.5661,98,Atacama,Chile,2020/12/15 05:26:38+00,-27.5661,-70.0503,8276,8117,109,50,,,"Atacama, Chile"
-73.7669,-45.9864,99,Aysen,Chile,2020/12/15 05:26:38+00,-45.9864,-73.7669,1341,1283,15,43,,,"Aysen, Chile"
-72.1416,-37.4464,100,Biobio,Chile,2020/12/15 05:26:38+00,-37.4464,-72.1416,41168,38102,685,2381,,,"Biobio, Chile"
-71.3389,-29.959,101,Coquimbo,Chile,2020/12/15 05:26:38+00,-29.959,-71.3389,13574,13077,281,216,,,"Coquimbo, Chile"
-72.1416,-41.9198,102,Los Lagos,Chile,2020/12/15 05:26:38+00,-41.9198,-72.1416,22640,21496,230,914,,,"Los Lagos, Chile"
-72.3311,-40.231,103,Los Rios,Chile,2020/12/15 05:26:38+00,-40.231,-72.3311,7314,6646,70,598,,,"Los Rios, Chile"
-70.9863,-52.368,104,Magallanes,Chile,2020/12/15 05:26:38+00,-52.368,-70.9863,15620,14833,219,568,,,"Magallanes, Chile"
-71.6885,-35.5183,105,Maule,Chile,2020/12/15 05:26:38+00,-35.5183,-71.6885,22329,21054,516,759,,,"Maule, Chile"
-70.6505,-33.4376,106,Metropolitana,Chile,2020/12/15 05:26:38+00,-33.4376,-70.6505,310468,297011,10543,2914,,,"Metropolitana, Chile"
-71.7622,-36.7226,107,Nuble,Chile,2020/12/15 05:26:38+00,-36.7226,-71.7622,9542,8968,192,382,,,"Nuble, Chile"
-71.0022,-34.5755,108,OHiggins,Chile,2020/12/15 05:26:38+00,-34.5755,-71.0022,20514,19640,565,309,,,"OHiggins, Chile"
-69.5132,-19.9232,109,Tarapaca,Chile,2020/12/15 05:26:38+00,-19.9232,-69.5132,14371,13858,265,248,,,"Tarapaca, Chile"
,,110,Unknown,Chile,2020/12/15 05:26:38+00,,,45,45,1,0,,,"Unknown, Chile"
-71.6127,-33.0472,111,Valparaiso,Chile,2020/12/15 05:26:38+00,-33.0472,-71.6127,33633,31860,1190,583,,,"Valparaiso, Chile"
117.2264,31.8257,112,Anhui,China,2020/12/15 05:26:38+00,31.8257,117.2264,992,986,6,0,,,"Anhui, China"
116.4142,40.1824,113,Beijing,China,2020/12/15 05:26:38+00,40.1824,116.4142,956,940,9,7,,,"Beijing, China"
107.874,30.0572,114,Chongqing,China,2020/12/15 05:26:38+00,30.0572,107.874,590,583,6,1,,,"Chongqing, China"
117.9874,26.0789,115,Fujian,China,2020/12/15 05:26:38+00,26.0789,117.9874,502,469,1,32,,,"Fujian, China"
104.2861,35.7518,116,Gansu,China,2020/12/15 05:26:38+00,35.7518,104.2861,182,180,2,0,,,"Gansu, China"
113.4244,23.3417,117,Guangdong,China,2020/12/15 05:26:38+00,23.3417,113.4244,2018,1973,8,37,,,"Guangdong, China"
108.7881,23.8298,118,Guangxi,China,2020/12/15 05:26:38+00,23.8298,108.7881,264,261,2,1,,,"Guangxi, China"
106.8748,26.8154,119,Guizhou,China,2020/12/15 05:26:38+00,26.8154,106.8748,147,145,2,0,,,"Guizhou, China"
109.7453,19.1959,120,Hainan,China,2020/12/15 05:26:38+00,19.1959,109.7453,171,165,6,0,,,"Hainan, China"
114.9042,37.8957,121,Hebei,China,2020/12/15 05:26:38+00,37.8957,114.9042,373,367,6,0,,,"Hebei, China"
127.7615,47.862,122,Heilongjiang,China,2020/12/15 05:26:38+00,47.862,127.7615,960,936,13,11,,,"Heilongjiang, China"
113.614,33.882,123,Henan,China,2020/12/15 05:26:38+00,33.882,113.614,1295,1266,22,7,,,"Henan, China"
114.2,22.3,124,Hong Kong,China,2020/12/15 05:26:38+00,22.3,114.2,7623,6266,120,1237,,,"Hong Kong, China"
112.2707,30.9756,125,Hubei,China,2020/12/15 05:26:38+00,30.9756,112.2707,68149,63636,4512,1,,,"Hubei, China"
111.7088,27.6104,126,Hunan,China,2020/12/15 05:26:38+00,27.6104,111.7088,1020,1016,4,0,,,"Hunan, China"
113.9448,44.0935,127,Inner Mongolia,China,2020/12/15 05:26:38+00,44.0935,113.9448,342,314,1,27,,,"Inner Mongolia, China"
119.455,32.9711,128,Jiangsu,China,2020/12/15 05:26:38+00,32.9711,119.455,684,675,0,9,,,"Jiangsu, China"
115.7221,27.614,129,Jiangxi,China,2020/12/15 05:26:38+00,27.614,115.7221,935,934,1,0,,,"Jiangxi, China"
126.1923,43.6661,130,Jilin,China,2020/12/15 05:26:38+00,43.6661,126.1923,157,155,2,0,,,"Jilin, China"
122.6085,41.2956,131,Liaoning,China,2020/12/15 05:26:38+00,41.2956,122.6085,289,287,2,0,,,"Liaoning, China"
113.55,22.1667,132,Macau,China,2020/12/15 05:26:38+00,22.1667,113.55,46,46,0,0,,,"Macau, China"
106.1655,37.2692,133,Ningxia,China,2020/12/15 05:26:38+00,37.2692,106.1655,75,75,0,0,,,"Ningxia, China"
95.9956,35.7452,134,Qinghai,China,2020/12/15 05:26:38+00,35.7452,95.9956,18,18,0,0,,,"Qinghai, China"
108.8701,35.1917,135,Shaanxi,China,2020/12/15 05:26:38+00,35.1917,108.8701,502,482,3,17,,,"Shaanxi, China"
118.1498,36.3427,136,Shandong,China,2020/12/15 05:26:38+00,36.3427,118.1498,858,841,7,10,,,"Shandong, China"
121.4491,31.202,137,Shanghai,China,2020/12/15 05:26:38+00,31.202,121.4491,1415,1319,7,89,,,"Shanghai, China"
112.2922,37.5777,138,Shanxi,China,2020/12/15 05:26:38+00,37.5777,112.2922,222,220,0,2,,,"Shanxi, China"
102.7103,30.6171,139,Sichuan,China,2020/12/15 05:26:38+00,30.6171,102.7103,838,794,3,41,,,"Sichuan, China"
117.323,39.3054,140,Tianjin,China,2020/12/15 05:26:38+00,39.3054,117.323,302,295,3,4,,,"Tianjin, China"
88.0924,31.6927,141,Tibet,China,2020/12/15 05:26:38+00,31.6927,88.0924,1,1,0,0,,,"Tibet, China"
85.2401,41.1129,142,Xinjiang,China,2020/12/15 05:26:38+00,41.1129,85.2401,980,977,3,0,,,"Xinjiang, China"
101.487,24.974,143,Yunnan,China,2020/12/15 05:26:38+00,24.974,101.487,224,210,2,12,,,"Yunnan, China"
120.0934,29.1832,144,Zhejiang,China,2020/12/15 05:26:38+00,29.1832,120.0934,1297,1290,1,6,,,"Zhejiang, China"
-71.5724,-1.4429,145,Amazonas,Colombia,2020/12/15 05:26:38+00,-1.4429,-71.5724,3183,3036,123,24,,,"Amazonas, Colombia"
-75.3412,7.1986,146,Antioquia,Colombia,2020/12/15 05:26:38+00,7.1986,-75.3412,231592,215702,4348,11542,,,"Antioquia, Colombia"
-70.7105,7.0762,147,Arauca,Colombia,2020/12/15 05:26:38+00,7.0762,-70.7105,4359,4061,126,172,,,"Arauca, Colombia"
-74.8741,10.6966,148,Atlantico,Colombia,2020/12/15 05:26:38+00,10.6966,-74.8741,83099,77325,3277,2497,,,"Atlantico, Colombia"
-74.03,8.6704,149,Bolivar,Colombia,2020/12/15 05:26:38+00,8.6704,-74.03,43301,40697,981,1623,,,"Bolivar, Colombia"
-73.362,5.4545,150,Boyaca,Colombia,2020/12/15 05:26:38+00,5.4545,-73.362,24424,22416,535,1473,,,"Boyaca, Colombia"
-75.2479,5.2983,151,Caldas,Colombia,2020/12/15 05:26:38+00,5.2983,-75.2479,28257,25877,541,1839,,,"Caldas, Colombia"
-74.0721,4.711,152,Capital District,Colombia,2020/12/15 05:26:38+00,4.711,-74.0721,407627,374434,8944,24249,,,"Capital District, Colombia"
-73.8419,0.8699,153,Caqueta,Colombia,2020/12/15 05:26:38+00,0.8699,-73.8419,14038,12713,497,828,,,"Caqueta, Colombia"
-71.5724,5.7589,154,Casanare,Colombia,2020/12/15 05:26:38+00,5.7589,-71.5724,7800,7232,158,410,,,"Casanare, Colombia"
-76.826,2.705,155,Cauca,Colombia,2020/12/15 05:26:38+00,2.705,-76.826,16855,15265,468,1122,,,"Cauca, Colombia"
-73.6536,9.3373,156,Cesar,Colombia,2020/12/15 05:26:38+00,9.3373,-73.6536,31137,28644,943,1550,,,"Cesar, Colombia"
-76.826,5.2528,157,Choco,Colombia,2020/12/15 05:26:38+00,5.2528,-76.826,4619,4352,167,100,,,"Choco, Colombia"
-75.574,8.0493,158,Cordoba,Colombia,2020/12/15 05:26:38+00,8.0493,-75.574,28773,26094,1659,1020,,,"Cordoba, Colombia"
-74.03,5.026,159,Cundinamarca,Colombia,2020/12/15 05:26:38+00,5.026,-74.03,57837,53261,1517,3059,,,"Cundinamarca, Colombia"
-68.5247,2.5854,160,Guainia,Colombia,2020/12/15 05:26:38+00,2.5854,-68.5247,1218,1192,19,7,,,"Guainia, Colombia"
-73.2603,1.0654,161,Guaviare,Colombia,2020/12/15 05:26:38+00,1.0654,-73.2603,1885,1835,35,15,,,"Guaviare, Colombia"
-75.5277,2.5359,162,Huila,Colombia,2020/12/15 05:26:38+00,2.5359,-75.5277,31901,30063,1032,806,,,"Huila, Colombia"
-72.5205,11.3548,163,La Guajira,Colombia,2020/12/15 05:26:38+00,11.3548,-72.5205,12882,11904,508,470,,,"La Guajira, Colombia"
-74.4057,10.4113,164,Magdalena,Colombia,2020/12/15 05:26:38+00,10.4113,-74.4057,21952,20033,1005,914,,,"Magdalena, Colombia"
-73.0877,3.272,165,Meta,Colombia,2020/12/15 05:26:38+00,3.272,-73.0877,30391,28655,674,1062,,,"Meta, Colombia"
-77.3579,1.2892,166,Narino,Colombia,2020/12/15 05:26:38+00,1.2892,-77.3579,27361,24972,891,1498,,,"Narino, Colombia"
-72.8988,7.9463,167,Norte de Santander,Colombia,2020/12/15 05:26:38+00,7.9463,-72.8988,33436,29980,1594,1862,,,"Norte de Santander, Colombia"
-75.5277,0.436,168,Putumayo,Colombia,2020/12/15 05:26:38+00,0.436,-75.5277,5285,4746,233,306,,,"Putumayo, Colombia"
-75.6674,4.461,169,Quindio,Colombia,2020/12/15 05:26:38+00,4.461,-75.6674,19774,17931,533,1310,,,"Quindio, Colombia"
-75.9928,5.3158,170,Risaralda,Colombia,2020/12/15 05:26:38+00,5.3158,-75.9928,26964,24231,641,2092,,,"Risaralda, Colombia"
-81.7185,12.5567,171,San Andres y Providencia,Colombia,2020/12/15 05:26:38+00,12.5567,-81.7185,2360,2262,36,62,,,"San Andres y Providencia, Colombia"
-73.6536,6.6437,172,Santander,Colombia,2020/12/15 05:26:38+00,6.6437,-73.6536,58667,52865,2149,3653,,,"Santander, Colombia"
-74.7233,8.814,173,Sucre,Colombia,2020/12/15 05:26:38+00,8.814,-74.7233,16913,15780,665,468,,,"Sucre, Colombia"
-75.1545,4.0925,174,Tolima,Colombia,2020/12/15 05:26:38+00,4.0925,-75.1545,34343,31454,1043,1846,,,"Tolima, Colombia"
,,175,Unknown,Colombia,2020/12/15 05:26:38+00,,,0,0,0,0,,,"Unknown, Colombia"
-76.6413,3.8009,176,Valle del Cauca,Colombia,2020/12/15 05:26:38+00,3.8009,-76.6413,120087,110311,3827,5949,,,"Valle del Cauca, Colombia"
-70.812,0.8554,177,Vaupes,Colombia,2020/12/15 05:26:38+00,0.8554,-70.812,1124,1106,12,6,,,"Vaupes, Colombia"
-69.2878,4.4234,178,Vichada,Colombia,2020/12/15 05:26:38+00,4.4234,-69.2878,1072,1040,14,18,,,"Vichada, Colombia"
43.3333,-11.6455,179,,Comoros,2020/12/15 05:26:38+00,-11.6455,43.3333,628,606,7,15,,,Comoros
15.8277,-0.228,180,,Congo (Brazzaville),2020/12/15 05:26:38+00,-0.228,15.8277,6200,4988,100,1112,,,Congo (Brazzaville)
21.7587,-4.0383,181,,Congo (Kinshasa),2020/12/15 05:26:38+00,-4.0383,21.7587,14513,12653,356,1504,,,Congo (Kinshasa)
-83.7534,9.7489,182,,Costa Rica,2020/12/15 05:26:38+00,9.7489,-83.7534,153169,118511,1936,32722,,,Costa Rica
-5.5471,7.54,183,,Cote d'Ivoire,2020/12/15 05:26:38+00,7.54,-5.5471,21705,21318,133,254,,,Cote d'Ivoire
15.2,45.1,184,,Croatia,2020/12/15 05:26:38+00,45.1,15.2,177358,151884,2705,22769,,,Croatia
-77.781167,21.521757,185,,Cuba,2020/12/15 05:26:38+00,21.521757,-77.781167,9492,8484,137,871,,,Cuba
33.4299,35.1264,186,,Cyprus,2020/12/15 05:26:38+00,35.1264,33.4299,15450,2057,82,13311,,,Cyprus
15.473,49.8175,187,,Czechia,2020/12/15 05:26:38+00,49.8175,15.473,581079,505922,9609,65548,,,Czechia
9.5018,56.2639,188,,Denmark,2020/12/15 05:26:38+00,56.2639,9.5018,113095,80564,950,31581,,,Denmark
-6.9118,61.8926,189,Faroe Islands,Denmark,2020/12/15 05:26:38+00,61.8926,-6.9118,528,506,0,22,,,"Faroe Islands, Denmark"
-42.6043,71.7069,190,Greenland,Denmark,2020/12/15 05:26:38+00,71.7069,-42.6043,19,18,0,1,,,"Greenland, Denmark"
,,191,,Diamond Princess,2020/12/15 05:26:38+00,,,712,699,13,0,,,Diamond Princess
42.5903,11.8251,192,,Djibouti,2020/12/15 05:26:38+00,11.8251,42.5903,5733,5622,61,50,,,Djibouti
-61.371,15.415,193,,Dominica,2020/12/15 05:26:38+00,15.415,-61.371,88,83,0,5,,,Dominica
-70.1627,18.7357,194,,Dominican Republic,2020/12/15 05:26:38+00,18.7357,-70.1627,155184,121007,2364,31813,,,Dominican Republic
-78.1834,-1.8312,195,,Ecuador,2020/12/15 05:26:38+00,-1.8312,-78.1834,202180,177951,13875,10354,,,Ecuador
30.802498,26.820553,196,,Egypt,2020/12/15 05:26:38+00,26.820553,30.802498,122086,105132,6943,10011,,,Egypt
-88.8965,13.7942,197,,El Salvador,2020/12/15 05:26:38+00,13.7942,-88.8965,41880,38087,1205,2588,,,El Salvador
10.2679,1.6508,198,,Equatorial Guinea,2020/12/15 05:26:38+00,1.6508,10.2679,5185,5058,85,42,,,Equatorial Guinea
39.7823,15.1794,199,,Eritrea,2020/12/15 05:26:38+00,15.1794,39.7823,711,564,0,147,,,Eritrea
25.0136,58.5953,200,,Estonia,2020/12/15 05:26:38+00,58.5953,25.0136,18385,11121,154,7110,,,Estonia
31.4659,-26.5225,201,,Eswatini,2020/12/15 05:26:38+00,-26.5225,31.4659,6825,6416,130,279,,,Eswatini
40.4897,9.145,202,,Ethiopia,2020/12/15 05:26:38+00,9.145,40.4897,117242,95225,1809,20208,,,Ethiopia
178.065,-17.7134,203,,Fiji,2020/12/15 05:26:38+00,-17.7134,178.065,46,38,2,6,,,Fiji
25.748151,61.92411,204,,Finland,2020/12/15 05:26:38+00,61.92411,25.748151,31110,20000,461,10649,,,Finland
2.2137,46.2276,205,,France,2020/12/15 05:26:38+00,46.2276,2.2137,2377112,154311,57924,2164822,,,France
-53.0,4.0,206,French Guiana,France,2020/12/15 05:26:38+00,4,-53,11855,9995,71,1789,,,"French Guiana, France"
-149.4068,-17.6797,207,French Polynesia,France,2020/12/15 05:26:38+00,-17.6797,-149.4068,15747,4842,96,10809,,,"French Polynesia, France"
-61.551,16.265,208,Guadeloupe,France,2020/12/15 05:26:38+00,16.265,-61.551,8472,2242,151,6079,,,"Guadeloupe, France"
-61.0242,14.6415,209,Martinique,France,2020/12/15 05:26:38+00,14.6415,-61.0242,5575,98,42,5435,,,"Martinique, France"
45.166244,-12.8275,210,Mayotte,France,2020/12/15 05:26:38+00,-12.8275,45.166244,5551,2964,52,2535,,,"Mayotte, France"
165.618042,-20.904305,211,New Caledonia,France,2020/12/15 05:26:38+00,-20.904305,165.618042,36,35,0,1,,,"New Caledonia, France"
55.5364,-21.1151,212,Reunion,France,2020/12/15 05:26:38+00,-21.1151,55.5364,8534,8037,42,455,,,"Reunion, France"
-62.8333,17.9,213,Saint Barthelemy,France,2020/12/15 05:26:38+00,17.9,-62.8333,162,127,1,34,,,"Saint Barthelemy, France"
-56.3159,46.8852,214,Saint Pierre and Miquelon,France,2020/12/15 05:26:38+00,46.8852,-56.3159,14,14,0,0,,,"Saint Pierre and Miquelon, France"
-63.0501,18.0708,215,St Martin,France,2020/12/15 05:26:38+00,18.0708,-63.0501,801,675,12,114,,,"St Martin, France"
11.6094,-0.8037,216,,Gabon,2020/12/15 05:26:38+00,-0.8037,11.6094,9351,9204,63,84,,,Gabon
-15.3101,13.4432,217,,Gambia,2020/12/15 05:26:38+00,13.4432,-15.3101,3782,3647,123,12,,,Gambia
43.3569,42.3154,218,,Georgia,2020/12/15 05:26:38+00,42.3154,43.3569,191063,161681,1839,27543,,,Georgia
9.3501,48.6616,219,Baden-Wurttemberg,Germany,2020/12/15 05:26:38+00,48.6616,9.3501,190418,138598,3524,48296,,,"Baden-Wurttemberg, Germany"
11.4979,48.7904,220,Bayern,Germany,2020/12/15 05:26:38+00,48.7904,11.4979,261306,197117,4936,59253,,,"Bayern, Germany"
13.405,52.52,221,Berlin,Germany,2020/12/15 05:26:38+00,52.52,13.405,79807,60703,846,18258,,,"Berlin, Germany"
12.5316,52.4125,222,Brandenburg,Germany,2020/12/15 05:26:38+00,52.4125,12.5316,29615,20864,581,8170,,,"Brandenburg, Germany"
8.8017,53.0793,223,Bremen,Germany,2020/12/15 05:26:38+00,53.0793,8.8017,11743,9934,159,1650,,,"Bremen, Germany"
9.9937,53.5511,224,Hamburg,Germany,2020/12/15 05:26:38+00,53.5511,9.9937,29715,22363,481,6871,,,"Hamburg, Germany"
9.1624,50.6521,225,Hessen,Germany,2020/12/15 05:26:38+00,50.6521,9.1624,109734,80864,1834,27036,,,"Hessen, Germany"
12.4296,53.6127,226,Mecklenburg-Vorpommern,Germany,2020/12/15 05:26:38+00,53.6127,12.4296,8316,6081,100,2135,,,"Mecklenburg-Vorpommern, Germany"
9.8451,52.6367,227,Niedersachsen,Germany,2020/12/15 05:26:38+00,52.6367,9.8451,86345,72332,1454,12559,,,"Niedersachsen, Germany"
7.6616,51.4332,228,Nordrhein-Westfalen,Germany,2020/12/15 05:26:38+00,51.4332,7.6616,322051,250551,4615,66885,,,"Nordrhein-Westfalen, Germany"
7.309,50.1183,229,Rheinland-Pfalz,Germany,2020/12/15 05:26:38+00,50.1183,7.309,57462,38903,888,17671,,,"Rheinland-Pfalz, Germany"
7.023,49.3964,230,Saarland,Germany,2020/12/15 05:26:38+00,49.3964,7.023,16282,13231,354,2697,,,"Saarland, Germany"
13.2017,51.1045,231,Sachsen,Germany,2020/12/15 05:26:38+00,51.1045,13.2017,89191,56000,1738,31453,,,"Sachsen, Germany"
11.6923,51.9503,232,Sachsen-Anhalt,Germany,2020/12/15 05:26:38+00,51.9503,11.6923,19016,12387,290,6339,,,"Sachsen-Anhalt, Germany"
9.6961,54.2194,233,Schleswig-Holstein,Germany,2020/12/15 05:26:38+00,54.2194,9.6961,18341,14118,295,3928,,,"Schleswig-Holstein, Germany"
10.8453,51.011,234,Thuringen,Germany,2020/12/15 05:26:38+00,51.011,10.8453,26936,18031,539,8366,,,"Thuringen, Germany"
,,235,Unknown,Germany,2020/12/15 05:26:38+00,,,983,0,0,983,,,"Unknown, Germany"
-1.0232,7.9465,236,,Ghana,2020/12/15 05:26:38+00,7.9465,-1.0232,53014,51761,327,926,,,Ghana
21.8243,39.0742,237,,Greece,2020/12/15 05:26:38+00,39.0742,21.8243,125173,23074,3687,98412,,,Greece
-61.679,12.1165,238,,Grenada,2020/12/15 05:26:38+00,12.1165,-61.679,69,41,0,28,,,Grenada
-90.2308,15.7835,239,,Guatemala,2020/12/15 05:26:38+00,15.7835,-90.2308,129405,118217,4445,6743,,,Guatemala
-9.6966,9.9456,240,,Guinea,2020/12/15 05:26:38+00,9.9456,-9.6966,13457,12713,80,664,,,Guinea
-15.1804,11.8037,241,,Guinea-Bissau,2020/12/15 05:26:38+00,11.8037,-15.1804,2444,2337,44,63,,,Guinea-Bissau
-58.93018,4.860416,242,,Guyana,2020/12/15 05:26:38+00,4.860416,-58.93018,5943,5077,156,710,,,Guyana
-72.2852,18.9712,243,,Haiti,2020/12/15 05:26:38+00,18.9712,-72.2852,9588,8280,234,1074,,,Haiti
12.4534,41.9029,244,,Holy See,2020/12/15 05:26:38+00,41.9029,12.4534,27,15,0,12,,,Holy See
-86.2419,15.2,245,,Honduras,2020/12/15 05:26:38+00,15.2,-86.2419,114642,51688,2989,59965,,,Honduras
19.5033,47.1625,246,,Hungary,2020/12/15 05:26:38+00,47.1625,19.5033,283870,82546,7130,194194,,,Hungary
-19.0208,64.9631,247,,Iceland,2020/12/15 05:26:38+00,64.9631,-19.0208,5564,5392,28,144,,,Iceland
92.968178,11.225999,248,Andaman and Nicobar Islands,India,2020/12/15 05:26:38+00,11.225999,92.968178,4834,4681,61,92,,,"Andaman and Nicobar Islands, India"
79.74,15.9129,249,Andhra Pradesh,India,2020/12/15 05:26:38+00,15.9129,79.74,875836,864049,7059,4728,,,"Andhra Pradesh, India"
96.384277,27.768456,250,Arunachal Pradesh,India,2020/12/15 05:26:38+00,27.768456,96.384277,16536,16243,55,238,,,"Arunachal Pradesh, India"
92.830441,26.357149,251,Assam,India,2020/12/15 05:26:38+00,26.357149,92.830441,214803,210299,1003,3501,,,"Assam, India"
85.60484,25.679658,252,Bihar,India,2020/12/15 05:26:38+00,25.679658,85.60484,242660,236247,1325,5088,,,"Bihar, India"
76.768278,30.733839,253,Chandigarh,India,2020/12/15 05:26:38+00,30.733839,76.768278,18714,17698,302,714,,,"Chandigarh, India"
82.035366,21.264705,254,Chhattisgarh,India,2020/12/15 05:26:38+00,21.264705,82.035366,258635,236588,3116,18931,,,"Chhattisgarh, India"
73.080901,20.194742,255,Dadra and Nagar Haveli and Daman and Diu,India,2020/12/15 05:26:38+00,20.194742,73.080901,3359,3338,2,19,,,"Dadra and Nagar Haveli and Daman and Diu, India"
77.10898,28.646519,256,Delhi,India,2020/12/15 05:26:38+00,28.646519,77.10898,608830,583509,10074,15247,,,"Delhi, India"
74.057396,15.359682,257,Goa,India,2020/12/15 05:26:38+00,15.359682,74.057396,49474,47737,707,1030,,,"Goa, India"
71.590923,22.694884,258,Gujarat,India,2020/12/15 05:26:38+00,22.694884,71.590923,228803,211603,4182,13018,,,"Gujarat, India"
76.332824,29.20004,259,Haryana,India,2020/12/15 05:26:38+00,29.20004,76.332824,253385,241544,2733,9108,,,"Haryana, India"
77.233081,31.927213,260,Himachal Pradesh,India,2020/12/15 05:26:38+00,31.927213,77.233081,49761,41990,823,6948,,,"Himachal Pradesh, India"
76.612638,33.75943,261,Jammu and Kashmir,India,2020/12/15 05:26:38+00,33.75943,76.612638,116254,109894,1802,4558,,,"Jammu and Kashmir, India"
85.557631,23.654536,262,Jharkhand,India,2020/12/15 05:26:38+00,23.654536,85.557631,111722,109141,1000,1581,,,"Jharkhand, India"
76.166436,14.70518,263,Karnataka,India,2020/12/15 05:26:38+00,14.70518,76.166436,902240,874202,11954,16084,,,"Karnataka, India"
76.405749,10.450898,264,Kerala,India,2020/12/15 05:26:38+00,10.450898,76.405749,672037,611600,2647,57790,,,"Kerala, India"
77.5771,34.1526,265,Ladakh,India,2020/12/15 05:26:38+00,34.1526,77.5771,9166,8429,123,614,,,"Ladakh, India"
72.1833326,13.6999972,266,Lakshadweep,India,2020/12/15 05:26:38+00,13.6999972,72.1833326,0,0,0,0,,,"Lakshadweep, India"
78.289633,23.541513,267,Madhya Pradesh,India,2020/12/15 05:26:38+00,23.541513,78.289633,224636,208421,3412,12803,,,"Madhya Pradesh, India"
76.108221,19.449759,268,Maharashtra,India,2020/12/15 05:26:38+00,19.449759,76.108221,1883365,1761615,48269,73481,,,"Maharashtra, India"
93.882541,24.738975,269,Manipur,India,2020/12/15 05:26:38+00,24.738975,93.882541,27209,24739,324,2146,,,"Manipur, India"
91.278882,25.536934,270,Meghalaya,India,2020/12/15 05:26:38+00,25.536934,91.278882,12941,12058,130,753,,,"Meghalaya, India"
92.83822,23.309381,271,Mizoram,India,2020/12/15 05:26:38+00,23.309381,92.83822,4049,3869,7,173,,,"Mizoram, India"
94.470302,26.06702,272,Nagaland,India,2020/12/15 05:26:38+00,26.06702,94.470302,11728,11066,69,593,,,"Nagaland, India"
84.418059,20.505428,273,Odisha,India,2020/12/15 05:26:38+00,20.505428,84.418059,324089,319458,1811,2820,,,"Odisha, India"
78.86498,11.882658,274,Puducherry,India,2020/12/15 05:26:38+00,11.882658,78.86498,37513,36586,620,307,,,"Puducherry, India"
75.40879,30.841465,275,Punjab,India,2020/12/15 05:26:38+00,30.841465,75.40879,160659,148680,5098,6881,,,"Punjab, India"
73.847973,26.583423,276,Rajasthan,India,2020/12/15 05:26:38+00,26.583423,73.847973,292539,273784,2555,16200,,,"Rajasthan, India"
88.472712,27.571671,277,Sikkim,India,2020/12/15 05:26:38+00,27.571671,88.472712,5340,4919,118,303,,,"Sikkim, India"
78.400624,11.006091,278,Tamil Nadu,India,2020/12/15 05:26:38+00,11.006091,78.400624,800029,778081,11909,10039,,,"Tamil Nadu, India"
79.0193,18.1124,279,Telangana,India,2020/12/15 05:26:38+00,18.1124,79.0193,278599,269828,1499,7272,,,"Telangana, India"
91.743565,23.746783,280,Tripura,India,2020/12/15 05:26:38+00,23.746783,91.743565,33057,32367,376,314,,,"Tripura, India"
,,281,Unknown,India,2020/12/15 05:26:38+00,,,0,0,0,0,,,"Unknown, India"
80.560982,26.925425,282,Uttar Pradesh,India,2020/12/15 05:26:38+00,26.925425,80.560982,566728,539727,8083,18918,,,"Uttar Pradesh, India"
79.197608,30.156447,283,Uttarakhand,India,2020/12/15 05:26:38+00,30.156447,79.197608,83006,75501,1361,6144,,,"Uttarakhand, India"
87.979803,23.814082,284,West Bengal,India,2020/12/15 05:26:38+00,23.814082,87.979803,523629,493145,9100,21384,,,"West Bengal, India"
113.9213,-0.7893,285,,Indonesia,2020/12/15 05:26:38+00,-0.7893,113.9213,623309,510957,18956,93396,,,Indonesia
53.688046,32.427908,286,,Iran,2020/12/15 05:26:38+00,32.427908,53.688046,1115770,823231,52447,240092,,,Iran
43.679291,33.223191,287,,Iraq,2020/12/15 05:26:38+00,33.223191,43.679291,575972,509474,12603,53895,,,Iraq
-7.6921,53.1424,288,,Ireland,2020/12/15 05:26:38+00,53.1424,-7.6921,76449,23364,2126,50959,,,Ireland
34.851612,31.046051,289,,Israel,2020/12/15 05:26:38+00,31.046051,34.851612,359506,338418,3004,18084,,,Israel
13.3984382300001,42.35122196,290,Abruzzo,Italy,2020/12/15 05:26:38+00,42.35122196,13.39843823,32275,16336,1057,14882,,,"Abruzzo, Italy"
15.8051483400001,40.63947052,291,Basilicata,Italy,2020/12/15 05:26:38+00,40.63947052,15.80514834,9491,3137,207,6147,,,"Basilicata, Italy"
16.5944019400001,38.9059759800001,292,Calabria,Italy,2020/12/15 05:26:38+00,38.90597598,16.59440194,19962,10244,396,9322,,,"Calabria, Italy"
14.2508498400001,40.83956555,293,Campania,Italy,2020/12/15 05:26:38+00,40.83956555,14.25084984,175053,80043,2340,92670,,,"Campania, Italy"
11.3417208,44.49436681,294,Emilia-Romagna,Italy,2020/12/15 05:26:38+00,44.49436681,11.3417208,146325,74694,6645,64986,,,"Emilia-Romagna, Italy"
13.7681364900001,45.6494354,295,Friuli Venezia Giulia,Italy,2020/12/15 05:26:38+00,45.6494354,13.76813649,40491,25156,1247,14088,,,"Friuli Venezia Giulia, Italy"
12.48366722,41.89277044,296,Lazio,Italy,2020/12/15 05:26:38+00,41.89277044,12.48366722,140991,52166,2976,85849,,,"Lazio, Italy"
8.9326992,44.4114931500001,297,Liguria,Italy,2020/12/15 05:26:38+00,44.41149315,8.9326992,55841,44887,2674,8280,,,"Liguria, Italy"
9.19034740400002,45.4667940900001,298,Lombardia,Italy,2020/12/15 05:26:38+00,45.46679409,9.190347404,444607,342409,23877,78321,,,"Lombardia, Italy"
13.5188753,43.6167597300001,299,Marche,Italy,2020/12/15 05:26:38+00,43.61675973,13.5188753,34972,20756,1414,12802,,,"Marche, Italy"
14.65916051,41.55774754,300,Molise,Italy,2020/12/15 05:26:38+00,41.55774754,14.65916051,5721,2862,163,2696,,,"Molise, Italy"
11.3566242200001,46.4993345300001,301,P.A. Bolzano,Italy,2020/12/15 05:26:38+00,46.49933453,11.35662422,26852,15591,649,10612,,,"P.A. Bolzano, Italy"
11.1212309700001,46.06893511,302,P.A. Trento,Italy,2020/12/15 05:26:38+00,46.06893511,11.12123097,18469,15134,781,2554,,,"P.A. Trento, Italy"
7.68068748300004,45.0732745,303,Piemonte,Italy,2020/12/15 05:26:38+00,45.0732745,7.680687483,186066,125594,7136,53336,,,"Piemonte, Italy"
16.86736689,41.1255957600001,304,Puglia,Italy,2020/12/15 05:26:38+00,41.12559576,16.86736689,73628,19638,1958,52032,,,"Puglia, Italy"
9.11061630600005,39.21531192,305,Sardegna,Italy,2020/12/15 05:26:38+00,39.21531192,9.110616306,26506,10557,588,15361,,,"Sardegna, Italy"
13.3623567,38.11569725,306,Sicilia,Italy,2020/12/15 05:26:38+00,38.11569725,13.3623567,79104,41264,1999,35841,,,"Sicilia, Italy"
11.2558888500001,43.76923077,307,Toscana,Italy,2020/12/15 05:26:38+00,43.76923077,11.25588885,112789,92117,3193,17479,,,"Toscana, Italy"
12.3882469800001,43.1067584100001,308,Umbria,Italy,2020/12/15 05:26:38+00,43.10675841,12.38824698,26239,20973,531,4735,,,"Umbria, Italy"
7.32014936600007,45.7375028600001,309,Valle d'Aosta,Italy,2020/12/15 05:26:38+00,45.73750286,7.320149366,6885,5944,353,588,,,"Valle d'Aosta, Italy"
12.3384521300001,45.4349048500001,310,Veneto,Italy,2020/12/15 05:26:38+00,45.43490485,12.33845213,193470,96115,4827,92528,,,"Veneto, Italy"
-77.2975,18.1096,311,,Jamaica,2020/12/15 05:26:38+00,18.1096,-77.2975,11792,8098,273,3421,,,Jamaica
137.211621,35.035551,312,Aichi,Japan,2020/12/15 05:26:38+00,35.035551,137.211621,12833,10251,129,2453,,,"Aichi, Japan"
140.408228,39.748679,313,Akita,Japan,2020/12/15 05:26:38+00,39.748679,140.408228,94,89,1,4,,,"Akita, Japan"
140.828896,40.781541,314,Aomori,Japan,2020/12/15 05:26:38+00,40.781541,140.828896,375,308,6,61,,,"Aomori, Japan"
140.198917,35.510141,315,Chiba,Japan,2020/12/15 05:26:38+00,35.510141,140.198917,8273,7100,96,1077,,,"Chiba, Japan"
132.856842,33.624835,316,Ehime,Japan,2020/12/15 05:26:38+00,33.624835,132.856842,360,293,9,58,,,"Ehime, Japan"
136.224654,35.846614,317,Fukui,Japan,2020/12/15 05:26:38+00,35.846614,136.224654,333,306,11,16,,,"Fukui, Japan"
130.666949,33.526032,318,Fukuoka,Japan,2020/12/15 05:26:38+00,33.526032,130.666949,6676,5863,109,704,,,"Fukuoka, Japan"
140.223295,37.378867,319,Fukushima,Japan,2020/12/15 05:26:38+00,37.378867,140.223295,630,500,9,121,,,"Fukushima, Japan"
137.055925,35.778671,320,Gifu,Japan,2020/12/15 05:26:38+00,35.778671,137.055925,1509,1133,21,355,,,"Gifu, Japan"
138.985605,36.504479,321,Gunma,Japan,2020/12/15 05:26:38+00,36.504479,138.985605,1683,1273,25,385,,,"Gunma, Japan"
132.788719,34.605309,322,Hiroshima,Japan,2020/12/15 05:26:38+00,34.605309,132.788719,1725,950,10,765,,,"Hiroshima, Japan"
142.552318,43.385711,323,Hokkaido,Japan,2020/12/15 05:26:38+00,43.385711,142.552318,11449,8637,317,2495,,,"Hokkaido, Japan"
134.828057,35.039913,324,Hyogo,Japan,2020/12/15 05:26:38+00,35.039913,134.828057,7424,6308,104,1012,,,"Hyogo, Japan"
140.319591,36.303588,325,Ibaraki,Japan,2020/12/15 05:26:38+00,36.303588,140.319591,2012,1670,32,310,,,"Ibaraki, Japan"
136.771027,36.769464,326,Ishikawa,Japan,2020/12/15 05:26:38+00,36.769464,136.771027,916,812,51,53,,,"Ishikawa, Japan"
141.361777,39.593287,327,Iwate,Japan,2020/12/15 05:26:38+00,39.593287,141.361777,306,180,10,116,,,"Iwate, Japan"
133.969047,34.217292,328,Kagawa,Japan,2020/12/15 05:26:38+00,34.217292,133.969047,200,149,3,48,,,"Kagawa, Japan"
130.430665,31.009484,329,Kagoshima,Japan,2020/12/15 05:26:38+00,31.009484,130.430665,837,640,15,182,,,"Kagoshima, Japan"
139.338983,35.415312,330,Kanagawa,Japan,2020/12/15 05:26:38+00,35.415312,139.338983,15202,13292,220,1690,,,"Kanagawa, Japan"
133.367307,33.422519,331,Kochi,Japan,2020/12/15 05:26:38+00,33.422519,133.367307,368,200,4,164,,,"Kochi, Japan"
130.745231,32.608154,332,Kumamoto,Japan,2020/12/15 05:26:38+00,32.608154,130.745231,1286,1030,14,242,,,"Kumamoto, Japan"
135.443341,35.253815,333,Kyoto,Japan,2020/12/15 05:26:38+00,35.253815,135.443341,3307,2644,40,623,,,"Kyoto, Japan"
136.376013,34.508018,334,Mie,Japan,2020/12/15 05:26:38+00,34.508018,136.376013,1071,853,11,207,,,"Mie, Japan"
140.927086,38.446859,335,Miyagi,Japan,2020/12/15 05:26:38+00,38.446859,140.927086,1544,1218,11,315,,,"Miyagi, Japan"
131.299374,32.193204,336,Miyazaki,Japan,2020/12/15 05:26:38+00,32.193204,131.299374,611,497,4,110,,,"Miyazaki, Japan"
138.045528,36.132134,337,Nagano,Japan,2020/12/15 05:26:38+00,36.132134,138.045528,976,750,6,220,,,"Nagano, Japan"
129.608033,33.235712,338,Nagasaki,Japan,2020/12/15 05:26:38+00,33.235712,129.608033,328,265,3,60,,,"Nagasaki, Japan"
135.871644,34.317451,339,Nara,Japan,2020/12/15 05:26:38+00,34.317451,135.871644,1487,1219,14,254,,,"Nara, Japan"
138.918647,37.521819,340,Niigata,Japan,2020/12/15 05:26:38+00,37.521819,138.918647,408,317,2,89,,,"Niigata, Japan"
131.43324,33.200697,341,Oita,Japan,2020/12/15 05:26:38+00,33.200697,131.43324,522,355,3,164,,,"Oita, Japan"
133.826252,34.89246,342,Okayama,Japan,2020/12/15 05:26:38+00,34.89246,133.826252,809,562,11,236,,,"Okayama, Japan"
126.668016,25.768923,343,Okinawa,Japan,2020/12/15 05:26:38+00,25.768923,126.668016,4829,4366,80,383,,,"Okinawa, Japan"
135.507481,34.620965,344,Osaka,Japan,2020/12/15 05:26:38+00,34.620965,135.507481,25115,19822,374,4919,,,"Osaka, Japan"
,,345,Port Quarantine,Japan,2020/12/15 05:26:38+00,,,1700,1541,1,158,,,"Port Quarantine, Japan"
130.115738,33.286977,346,Saga,Japan,2020/12/15 05:26:38+00,33.286977,130.115738,383,327,3,53,,,"Saga, Japan"
139.347635,35.997101,347,Saitama,Japan,2020/12/15 05:26:38+00,35.997101,139.347635,10557,8492,170,1895,,,"Saitama, Japan"
136.138064,35.215827,348,Shiga,Japan,2020/12/15 05:26:38+00,35.215827,136.138064,869,785,11,73,,,"Shiga, Japan"
132.554064,35.07076,349,Shimane,Japan,2020/12/15 05:26:38+00,35.07076,132.554064,168,152,0,16,,,"Shimane, Japan"
138.407784,34.916975,350,Shizuoka,Japan,2020/12/15 05:26:38+00,34.916975,138.407784,2209,1428,20,761,,,"Shizuoka, Japan"
139.819213,36.689912,351,Tochigi,Japan,2020/12/15 05:26:38+00,36.689912,139.819213,880,637,3,240,,,"Tochigi, Japan"
134.242091,33.919178,352,Tokushima,Japan,2020/12/15 05:26:38+00,33.919178,134.242091,187,174,10,3,,,"Tokushima, Japan"
139.446921,35.711343,353,Tokyo,Japan,2020/12/15 05:26:38+00,35.711343,139.446921,47579,41555,513,5511,,,"Tokyo, Japan"
133.863619,35.359069,354,Tottori,Japan,2020/12/15 05:26:38+00,35.359069,133.863619,68,57,0,11,,,"Tottori, Japan"
137.269346,36.637464,355,Toyama,Japan,2020/12/15 05:26:38+00,36.637464,137.269346,476,432,26,18,,,"Toyama, Japan"
,,356,Unknown,Japan,2020/12/15 05:26:38+00,,,8,8,0,0,,,"Unknown, Japan"
135.505446,33.911879,357,Wakayama,Japan,2020/12/15 05:26:38+00,33.911879,135.505446,557,472,7,78,,,"Wakayama, Japan"
140.102154,38.448396,358,Yamagata,Japan,2020/12/15 05:26:38+00,38.448396,140.102154,281,149,1,131,,,"Yamagata, Japan"
131.573293,34.20119,359,Yamaguchi,Japan,2020/12/15 05:26:38+00,34.20119,131.573293,437,382,2,53,,,"Yamaguchi, Japan"
138.611489,35.612364,360,Yamanashi,Japan,2020/12/15 05:26:38+00,35.612364,138.611489,454,348,8,98,,,"Yamanashi, Japan"
36.51,31.24,361,,Jordan,2020/12/15 05:26:38+00,31.24,36.51,262477,222654,3407,36416,,,Jordan
66.9237,48.0196,362,,Kazakhstan,2020/12/15 05:26:38+00,48.0196,66.9237,186960,158705,2554,25701,,,Kazakhstan
37.9062,-0.0236,363,,Kenya,2020/12/15 05:26:38+00,-0.0236,37.9062,92055,73452,1593,17010,,,Kenya
127.766922,35.907757,364,,"Korea, South",2020/12/15 05:26:38+00,35.907757,127.766922,44364,32559,600,11205,,,"Korea, South"
20.902977,42.602636,365,,Kosovo,2020/12/15 05:26:38+00,42.602636,20.902977,46909,34155,1203,11551,,,Kosovo
47.481766,29.31166,366,,Kuwait,2020/12/15 05:26:38+00,29.31166,47.481766,146449,142357,912,3180,,,Kuwait
74.766098,41.20438,367,,Kyrgyzstan,2020/12/15 05:26:38+00,41.20438,74.766098,77674,70450,1312,5912,,,Kyrgyzstan
102.495496,19.85627,368,,Laos,2020/12/15 05:26:38+00,19.85627,102.495496,41,34,0,7,,,Laos
24.6032,56.8796,369,,Latvia,2020/12/15 05:26:38+00,56.8796,24.6032,25885,16869,352,8664,,,Latvia
35.8623,33.8547,370,,Lebanon,2020/12/15 05:26:38+00,33.8547,35.8623,147613,103057,1210,43346,,,Lebanon
28.2336,-29.61,371,,Lesotho,2020/12/15 05:26:38+00,-29.61,28.2336,2277,1340,44,893,,,Lesotho
-9.429499,6.428055,372,,Liberia,2020/12/15 05:26:38+00,6.428055,-9.429499,1676,1358,83,235,,,Liberia
17.228331,26.3351,373,,Libya,2020/12/15 05:26:38+00,26.3351,17.228331,91357,61453,1314,28590,,,Libya
9.55,47.14,374,,Liechtenstein,2020/12/15 05:26:38+00,47.14,9.55,1566,1351,20,195,,,Liechtenstein
23.8813,55.1694,375,,Lithuania,2020/12/15 05:26:38+00,55.1694,23.8813,95021,38957,825,55239,,,Lithuania
6.1296,49.8153,376,,Luxembourg,2020/12/15 05:26:38+00,49.8153,6.1296,41900,33367,410,8123,,,Luxembourg
,,377,,MS Zaandam,2020/12/15 05:26:38+00,,,9,7,2,0,,,MS Zaandam
46.869107,-18.766947,378,,Madagascar,2020/12/15 05:26:38+00,-18.766947,46.869107,17587,16992,259,336,,,Madagascar
34.3015,-13.2543,379,,Malawi,2020/12/15 05:26:38+00,-13.2543,34.3015,6070,5491,187,392,,,Malawi
101.975766,4.210484,380,,Malaysia,2020/12/15 05:26:38+00,4.210484,101.975766,84846,70597,419,13830,,,Malaysia
73.2207,3.2028,381,,Maldives,2020/12/15 05:26:38+00,3.2028,73.2207,13379,12731,48,600,,,Maldives
-3.996166,17.570692,382,,Mali,2020/12/15 05:26:38+00,17.570692,-3.996166,5836,3630,201,2005,,,Mali
14.3754,35.9375,383,,Malta,2020/12/15 05:26:38+00,35.9375,14.3754,11254,9319,174,1761,,,Malta
171.1845,7.1315,384,,Marshall Islands,2020/12/15 05:26:38+00,7.1315,171.1845,4,4,0,0,,,Marshall Islands
-10.9408,21.0079,385,,Mauritania,2020/12/15 05:26:38+00,21.0079,-10.9408,11135,8118,228,2789,,,Mauritania
57.552152,-20.348404,386,,Mauritius,2020/12/15 05:26:38+00,-20.348404,57.552152,523,489,10,24,,,Mauritius
-102.2916,21.8853,387,Aguascalientes,Mexico,2020/12/15 05:26:38+00,21.8853,-102.2916,15683,0,1218,14465,,,"Aguascalientes, Mexico"
-115.2838,30.8406,388,Baja California,Mexico,2020/12/15 05:26:38+00,30.8406,-115.2838,29942,0,4783,25159,,,"Baja California, Mexico"
-111.6661,26.0444,389,Baja California Sur,Mexico,2020/12/15 05:26:38+00,26.0444,-111.6661,15809,0,709,15100,,,"Baja California Sur, Mexico"
-90.5349,19.8301,390,Campeche,Mexico,2020/12/15 05:26:38+00,19.8301,-90.5349,6993,0,946,6047,,,"Campeche, Mexico"
-93.1292,16.7569,391,Chiapas,Mexico,2020/12/15 05:26:38+00,16.7569,-93.1292,7963,0,1177,6786,,,"Chiapas, Mexico"
-106.0691,28.633,392,Chihuahua,Mexico,2020/12/15 05:26:38+00,28.633,-106.0691,33669,0,4086,29583,,,"Chihuahua, Mexico"
-99.1332,19.4326,393,Ciudad de Mexico,Mexico,2020/12/15 05:26:38+00,19.4326,-99.1332,264330,0,14733,249597,,,"Ciudad de Mexico, Mexico"
-101.7068,27.0587,394,Coahuila,Mexico,2020/12/15 05:26:38+00,27.0587,-101.7068,45280,0,3755,41525,,,"Coahuila, Mexico"
-104.0072,19.1223,395,Colima,Mexico,2020/12/15 05:26:38+00,19.1223,-104.0072,7534,0,773,6761,,,"Colima, Mexico"
-104.6588,24.5593,396,Durango,Mexico,2020/12/15 05:26:38+00,24.5593,-104.6588,23301,0,1390,21911,,,"Durango, Mexico"
-101.2574,21.019,397,Guanajuato,Mexico,2020/12/15 05:26:38+00,21.019,-101.2574,72849,0,4563,68286,,,"Guanajuato, Mexico"
-99.5451,17.4392,398,Guerrero,Mexico,2020/12/15 05:26:38+00,17.4392,-99.5451,24723,0,2581,22142,,,"Guerrero, Mexico"
-98.7624,20.0911,399,Hidalgo,Mexico,2020/12/15 05:26:38+00,20.0911,-98.7624,21396,0,2988,18408,,,"Hidalgo, Mexico"
-103.3494,20.6595,400,Jalisco,Mexico,2020/12/15 05:26:38+00,20.6595,-103.3494,46165,0,5287,40878,,,"Jalisco, Mexico"
-99.7233,19.4969,401,Mexico,Mexico,2020/12/15 05:26:38+00,19.4969,-99.7233,125628,0,16800,108828,,,"Mexico, Mexico"
-101.7068,19.5665,402,Michoacan,Mexico,2020/12/15 05:26:38+00,19.5665,-101.7068,30378,0,2489,27889,,,"Michoacan, Mexico"
-99.1013,18.6813,403,Morelos,Mexico,2020/12/15 05:26:38+00,18.6813,-99.1013,8642,0,1356,7286,,,"Morelos, Mexico"
-104.8455,21.7514,404,Nayarit,Mexico,2020/12/15 05:26:38+00,21.7514,-104.8455,7518,0,1000,6518,,,"Nayarit, Mexico"
-99.9962,25.5922,405,Nuevo Leon,Mexico,2020/12/15 05:26:38+00,25.5922,-99.9962,73900,0,4810,69090,,,"Nuevo Leon, Mexico"
-96.7266,17.0732,406,Oaxaca,Mexico,2020/12/15 05:26:38+00,17.0732,-96.7266,26011,0,2009,24002,,,"Oaxaca, Mexico"
-98.2063,19.0414,407,Puebla,Mexico,2020/12/15 05:26:38+00,19.0414,-98.2063,42728,0,5350,37378,,,"Puebla, Mexico"
-100.3899,20.5888,408,Queretaro,Mexico,2020/12/15 05:26:38+00,20.5888,-100.3899,27036,0,1641,25395,,,"Queretaro, Mexico"
-88.4791,19.1817,409,Quintana Roo,Mexico,2020/12/15 05:26:38+00,19.1817,-88.4791,15057,0,1978,13079,,,"Quintana Roo, Mexico"
-100.9855,22.1565,410,San Luis Potosi,Mexico,2020/12/15 05:26:38+00,22.1565,-100.9855,37412,0,2787,34625,,,"San Luis Potosi, Mexico"
-107.4795,25.1721,411,Sinaloa,Mexico,2020/12/15 05:26:38+00,25.1721,-107.4795,25447,0,4093,21354,,,"Sinaloa, Mexico"
-110.3309,29.2972,412,Sonora,Mexico,2020/12/15 05:26:38+00,29.2972,-110.3309,47195,0,3700,43495,,,"Sonora, Mexico"
-92.6189,17.8409,413,Tabasco,Mexico,2020/12/15 05:26:38+00,17.8409,-92.6189,40355,0,3106,37249,,,"Tabasco, Mexico"
-98.8363,24.2669,414,Tamaulipas,Mexico,2020/12/15 05:26:38+00,24.2669,-98.8363,37343,0,3114,34229,,,"Tamaulipas, Mexico"
-98.2404,19.3139,415,Tlaxcala,Mexico,2020/12/15 05:26:38+00,19.3139,-98.2404,9984,0,1314,8670,,,"Tlaxcala, Mexico"
,,416,Unknown,Mexico,2020/12/15 05:26:38+00,,,0,927754,0,-927754,,,"Unknown, Mexico"
-96.1342,19.1738,417,Veracruz,Mexico,2020/12/15 05:26:38+00,19.1738,-96.1342,41316,0,6105,35211,,,"Veracruz, Mexico"
-89.0943,20.7099,418,Yucatan,Mexico,2020/12/15 05:26:38+00,20.7099,-89.0943,25186,0,2097,23089,,,"Yucatan, Mexico"
-102.5832,22.7709,419,Zacatecas,Mexico,2020/12/15 05:26:38+00,22.7709,-102.5832,19201,0,1560,17641,,,"Zacatecas, Mexico"
28.3699,47.4116,420,,Moldova,2020/12/15 05:26:38+00,47.4116,28.3699,127253,110179,2598,14476,,,Moldova
7.4167,43.7333,421,,Monaco,2020/12/15 05:26:38+00,43.7333,7.4167,671,605,3,63,,,Monaco
103.8467,46.8625,422,,Mongolia,2020/12/15 05:26:38+00,46.8625,103.8467,917,384,0,533,,,Mongolia
19.37439,42.708678,423,,Montenegro,2020/12/15 05:26:38+00,42.708678,19.37439,41803,31138,585,10080,,,Montenegro
-7.0926,31.7917,424,,Morocco,2020/12/15 05:26:38+00,31.7917,-7.0926,400826,359065,6659,35102,,,Morocco
35.529562,-18.665695,425,,Mozambique,2020/12/15 05:26:38+00,-18.665695,35.529562,17002,15006,143,1853,,,Mozambique
18.4904,-22.9576,426,,Namibia,2020/12/15 05:26:38+00,-22.9576,18.4904,16726,14837,163,1726,,,Namibia
84.25,28.1667,427,,Nepal,2020/12/15 05:26:38+00,28.1667,84.25,249244,236573,1716,10955,,,Nepal
-69.9683,12.5211,428,Aruba,Netherlands,2020/12/15 05:26:38+00,12.5211,-69.9683,5056,4903,46,107,,,"Aruba, Netherlands"
-68.2385,12.1784,429,"Bonaire, Sint Eustatius and Saba",Netherlands,2020/12/15 05:26:38+00,12.1784,-68.2385,175,165,3,7,,,"Bonaire, Sint Eustatius and Saba, Netherlands"
-68.99,12.1696,430,Curacao,Netherlands,2020/12/15 05:26:38+00,12.1696,-68.99,3661,1777,11,1873,,,"Curacao, Netherlands"
6.618435,52.862485,431,Drenthe,Netherlands,2020/12/15 05:26:38+00,52.862485,6.618435,9404,0,118,9286,,,"Drenthe, Netherlands"
5.515162,52.550383,432,Flevoland,Netherlands,2020/12/15 05:26:38+00,52.550383,5.515162,14160,0,150,14010,,,"Flevoland, Netherlands"
5.7925,53.087337,433,Friesland,Netherlands,2020/12/15 05:26:38+00,53.087337,5.7925,10735,0,145,10590,,,"Friesland, Netherlands"
5.939114,52.061738,434,Gelderland,Netherlands,2020/12/15 05:26:38+00,52.061738,5.939114,64550,0,1133,63417,,,"Gelderland, Netherlands"
6.741514,53.217922,435,Groningen,Netherlands,2020/12/15 05:26:38+00,53.217922,6.741514,10740,0,58,10682,,,"Groningen, Netherlands"
5.93387,51.209227,436,Limburg,Netherlands,2020/12/15 05:26:38+00,51.209227,5.93387,32805,0,930,31875,,,"Limburg, Netherlands"
5.184942,51.561174,437,Noord-Brabant,Netherlands,2020/12/15 05:26:38+00,51.561174,5.184942,98978,0,2161,96817,,,"Noord-Brabant, Netherlands"
4.918688,52.600906,438,Noord-Holland,Netherlands,2020/12/15 05:26:38+00,52.600906,4.918688,109505,0,1398,108107,,,"Noord-Holland, Netherlands"
6.441722,52.444558,439,Overijssel,Netherlands,2020/12/15 05:26:38+00,52.444558,6.441722,38452,0,575,37877,,,"Overijssel, Netherlands"
-63.0548,18.0425,440,Sint Maarten,Netherlands,2020/12/15 05:26:38+00,18.0425,-63.0548,1249,1099,26,124,,,"Sint Maarten, Netherlands"
,,441,Unknown,Netherlands,2020/12/15 05:26:38+00,,,3259,0,32,3227,,,"Unknown, Netherlands"
5.163824,52.084251,442,Utrecht,Netherlands,2020/12/15 05:26:38+00,52.084251,5.163824,52873,0,754,52119,,,"Utrecht, Netherlands"
3.861559,51.47936,443,Zeeland,Netherlands,2020/12/15 05:26:38+00,51.47936,3.861559,7677,0,105,7572,,,"Zeeland, Netherlands"
4.462114,51.937835,444,Zuid-Holland,Netherlands,2020/12/15 05:26:38+00,51.937835,4.462114,168806,0,2523,166283,,,"Zuid-Holland, Netherlands"
174.886,-40.9006,445,,New Zealand,2020/12/15 05:26:38+00,-40.9006,174.886,2096,2015,25,56,,,New Zealand
-85.207229,12.865416,446,,Nicaragua,2020/12/15 05:26:38+00,12.865416,-85.207229,5887,4225,162,1500,,,Nicaragua
8.081666,17.607789,447,,Niger,2020/12/15 05:26:38+00,17.607789,8.081666,2322,1294,82,946,,,Niger
8.6753,9.082,448,,Nigeria,2020/12/15 05:26:38+00,9.082,8.6753,73374,66314,1197,5863,,,Nigeria
21.7453,41.6086,449,,North Macedonia,2020/12/15 05:26:38+00,41.6086,21.7453,73851,50046,2147,21658,,,North Macedonia
8.4689,60.472,450,,Norway,2020/12/15 05:26:38+00,60.472,8.4689,41334,17998,393,22943,,,Norway
55.923255,21.512583,451,,Oman,2020/12/15 05:26:38+00,21.512583,55.923255,126504,118287,1472,6745,,,Oman
73.947253,34.027401,452,Azad Jammu and Kashmir,Pakistan,2020/12/15 05:26:38+00,34.027401,73.947253,7750,6321,191,1238,,,"Azad Jammu and Kashmir, Pakistan"
65.898403,28.328492,453,Balochistan,Pakistan,2020/12/15 05:26:38+00,28.328492,65.898403,17771,17092,175,504,,,"Balochistan, Pakistan"
74.982138,35.792146,454,Gilgit-Baltistan,Pakistan,2020/12/15 05:26:38+00,35.792146,74.982138,4793,4583,99,111,,,"Gilgit-Baltistan, Pakistan"
73.121219,33.665087,455,Islamabad,Pakistan,2020/12/15 05:26:38+00,33.665087,73.121219,35045,28480,377,6188,,,"Islamabad, Pakistan"
72.09169,34.485332,456,Khyber Pakhtunkhwa,Pakistan,2020/12/15 05:26:38+00,34.485332,72.09169,52787,46350,1477,4960,,,"Khyber Pakhtunkhwa, Pakistan"
72.139132,30.811346,457,Punjab,Pakistan,2020/12/15 05:26:38+00,30.811346,72.139132,128138,115298,3422,9418,,,"Punjab, Pakistan"
68.776807,26.009446,458,Sindh,Pakistan,2020/12/15 05:26:38+00,26.009446,68.776807,196962,168209,3164,25589,,,"Sindh, Pakistan"
-80.7821,8.538,459,,Panama,2020/12/15 05:26:38+00,8.538,-80.7821,194619,163334,3382,27903,,,Panama
143.95555,-6.314993,460,,Papua New Guinea,2020/12/15 05:26:38+00,-6.314993,143.95555,725,601,8,116,,,Papua New Guinea
-58.4438,-23.4425,461,,Paraguay,2020/12/15 05:26:38+00,-23.4425,-58.4438,94223,67242,1971,25010,,,Paraguay
-78.050172,-5.077253,462,Amazonas,Peru,2020/12/15 05:26:38+00,-5.077253,-78.050172,18208,0,246,17962,,,"Amazonas, Peru"
-77.671795,-9.407125,463,Ancash,Peru,2020/12/15 05:26:38+00,-9.407125,-77.671795,29518,0,1460,28058,,,"Ancash, Peru"
-72.975378,-14.027713,464,Apurimac,Peru,2020/12/15 05:26:38+00,-14.027713,-72.975378,6913,0,149,6764,,,"Apurimac, Peru"
-72.475539,-15.843524,465,Arequipa,Peru,2020/12/15 05:26:38+00,-15.843524,-72.475539,47154,0,1562,45592,,,"Arequipa, Peru"
-74.08344,-14.091648,466,Ayacucho,Peru,2020/12/15 05:26:38+00,-14.091648,-74.08344,14873,0,364,14509,,,"Ayacucho, Peru"
-78.745596,-6.430284,467,Cajamarca,Peru,2020/12/15 05:26:38+00,-6.430284,-78.745596,24480,0,586,23894,,,"Cajamarca, Peru"
-77.136042,-11.954609,468,Callao,Peru,2020/12/15 05:26:38+00,-11.954609,-77.136042,41932,0,1935,39997,,,"Callao, Peru"
-72.153609,-13.191068,469,Cusco,Peru,2020/12/15 05:26:38+00,-13.191068,-72.153609,24571,0,516,24055,,,"Cusco, Peru"
-75.00277,-13.023888,470,Huancavelica,Peru,2020/12/15 05:26:38+00,-13.023888,-75.00277,7770,0,140,7630,,,"Huancavelica, Peru"
-76.040642,-9.421676,471,Huanuco,Peru,2020/12/15 05:26:38+00,-9.421676,-76.040642,19700,0,468,19232,,,"Huanuco, Peru"
-75.574821,-14.235097,472,Ica,Peru,2020/12/15 05:26:38+00,-14.235097,-75.574821,31398,0,1744,29654,,,"Ica, Peru"
-74.876968,-11.541783,473,Junin,Peru,2020/12/15 05:26:38+00,-11.541783,-74.876968,26533,0,931,25602,,,"Junin, Peru"
-78.370238,-7.92139,474,La Libertad,Peru,2020/12/15 05:26:38+00,-7.92139,-78.370238,36295,0,2414,33881,,,"La Libertad, Peru"
-79.824113,-6.353049,475,Lambayeque,Peru,2020/12/15 05:26:38+00,-6.353049,-79.824113,32299,0,1881,30418,,,"Lambayeque, Peru"
-76.604498,-11.766533,476,Lima,Peru,2020/12/15 05:26:38+00,-11.766533,-76.604498,437617,0,16405,421212,,,"Lima, Peru"
-74.424115,-4.124847,477,Loreto,Peru,2020/12/15 05:26:38+00,-4.124847,-74.424115,25431,0,996,24435,,,"Loreto, Peru"
-70.53172,-11.972699,478,Madre de Dios,Peru,2020/12/15 05:26:38+00,-11.972699,-70.53172,9368,0,151,9217,,,"Madre de Dios, Peru"
-70.839046,-16.860271,479,Moquegua,Peru,2020/12/15 05:26:38+00,-16.860271,-70.839046,15633,0,293,15340,,,"Moquegua, Peru"
-75.307635,-10.39655,480,Pasco,Peru,2020/12/15 05:26:38+00,-10.39655,-75.307635,6375,0,129,6246,,,"Pasco, Peru"
-80.335861,-5.133361,481,Piura,Peru,2020/12/15 05:26:38+00,-5.133361,-80.335861,41704,0,2168,39536,,,"Piura, Peru"
-69.922726,-14.995827,482,Puno,Peru,2020/12/15 05:26:38+00,-14.995827,-69.922726,18905,0,382,18523,,,"Puno, Peru"
-76.729127,-7.039531,483,San Martin,Peru,2020/12/15 05:26:38+00,-7.039531,-76.729127,24870,0,785,24085,,,"San Martin, Peru"
-70.27756,-17.644161,484,Tacna,Peru,2020/12/15 05:26:38+00,-17.644161,-70.27756,14354,0,258,14096,,,"Tacna, Peru"
-80.545255,-3.857496,485,Tumbes,Peru,2020/12/15 05:26:38+00,-3.857496,-80.545255,9300,0,336,8964,,,"Tumbes, Peru"
-73.444929,-9.621718,486,Ucayali,Peru,2020/12/15 05:26:38+00,-9.621718,-73.444929,19772,0,378,19394,,,"Ucayali, Peru"
,,487,Unknown,Peru,2020/12/15 05:26:38+00,,,0,918352,0,-918352,,,"Unknown, Peru"
121.774017,12.879721,488,,Philippines,2020/12/15 05:26:38+00,12.879721,121.774017,450733,418723,8757,23253,,,Philippines
19.1451,51.9194,489,,Poland,2020/12/15 05:26:38+00,51.9194,19.1451,1140572,869155,22960,248457,,,Poland
-8.2245,39.3999,490,,Portugal,2020/12/15 05:26:38+00,39.3999,-8.2245,350938,274277,5649,71012,,,Portugal
51.1839,25.3548,491,,Qatar,2020/12/15 05:26:38+00,25.3548,51.1839,141121,138719,241,2161,,,Qatar
24.9668,45.9432,492,,Romania,2020/12/15 05:26:38+00,45.9432,24.9668,559587,460780,13494,85313,,,Romania
40.1520421,44.6939006,493,Adygea Republic,Russia,2020/12/15 05:26:38+00,44.6939006,40.1520421,9440,7476,73,1891,,,"Adygea Republic, Russia"
82.6931424,52.6932243,494,Altai Krai,Russia,2020/12/15 05:26:38+00,52.6932243,82.6931424,29245,26977,694,1574,,,"Altai Krai, Russia"
86.8572186,50.7114101,495,Altai Republic,Russia,2020/12/15 05:26:38+00,50.7114101,86.8572186,12520,11958,57,505,,,"Altai Republic, Russia"
128.437295,52.8032368,496,Amur Oblast,Russia,2020/12/15 05:26:38+00,52.8032368,128.437295,13462,11945,98,1419,,,"Amur Oblast, Russia"
43.1221646,63.5589686,497,Arkhangelsk Oblast,Russia,2020/12/15 05:26:38+00,63.5589686,43.1221646,36800,27582,377,8841,,,"Arkhangelsk Oblast, Russia"
47.608851,47.1878186,498,Astrakhan Oblast,Russia,2020/12/15 05:26:38+00,47.1878186,47.608851,15961,11162,309,4490,,,"Astrakhan Oblast, Russia"
57.1439682,54.8573563,499,Bashkortostan Republic,Russia,2020/12/15 05:26:38+00,54.8573563,57.1439682,16317,13052,106,3159,,,"Bashkortostan Republic, Russia"
37.5837615,50.7080119,500,Belgorod Oblast,Russia,2020/12/15 05:26:38+00,50.7080119,37.5837615,18699,16627,167,1905,,,"Belgorod Oblast, Russia"
33.415853,52.8873315,501,Bryansk Oblast,Russia,2020/12/15 05:26:38+00,52.8873315,33.415853,19720,17432,168,2120,,,"Bryansk Oblast, Russia"
109.492143,52.7182426,502,Buryatia Republic,Russia,2020/12/15 05:26:38+00,52.7182426,109.492143,22256,20259,511,1486,,,"Buryatia Republic, Russia"
45.6985005,43.3976147,503,Chechen Republic,Russia,2020/12/15 05:26:38+00,43.3976147,45.6985005,6318,3027,84,3207,,,"Chechen Republic, Russia"
61.1865846,54.4223954,504,Chelyabinsk Oblast,Russia,2020/12/15 05:26:38+00,54.4223954,61.1865846,29432,22736,399,6297,,,"Chelyabinsk Oblast, Russia"
169.4900869,66.0006475,505,Chukotka Autonomous Okrug,Russia,2020/12/15 05:26:38+00,66.0006475,169.4900869,443,394,4,45,,,"Chukotka Autonomous Okrug, Russia"
47.0849429,55.4259922,506,Chuvashia Republic,Russia,2020/12/15 05:26:38+00,55.4259922,47.0849429,14306,12820,375,1111,,,"Chuvashia Republic, Russia"
47.1332224,43.0574916,507,Dagestan Republic,Russia,2020/12/15 05:26:38+00,43.0574916,47.1332224,20823,18102,1034,1687,,,"Dagestan Republic, Russia"
45.0171355200001,43.1154207500001,508,Ingushetia Republic,Russia,2020/12/15 05:26:38+00,43.11542075,45.01713552,10642,9036,123,1483,,,"Ingushetia Republic, Russia"
104.719221,56.6370122,509,Irkutsk Oblast,Russia,2020/12/15 05:26:38+00,56.6370122,104.719221,35933,31427,978,3528,,,"Irkutsk Oblast, Russia"
41.4352137,56.9167446,510,Ivanovo Oblast,Russia,2020/12/15 05:26:38+00,56.9167446,41.4352137,18159,13150,356,4653,,,"Ivanovo Oblast, Russia"
132.6630746,48.57527615,511,Jewish Autonomous Okrug,Russia,2020/12/15 05:26:38+00,48.57527615,132.6630746,3346,2223,55,1068,,,"Jewish Autonomous Okrug, Russia"
43.5978976,43.4806048,512,Kabardino-Balkarian Republic,Russia,2020/12/15 05:26:38+00,43.4806048,43.5978976,14098,11801,242,2055,,,"Kabardino-Balkarian Republic, Russia"
21.1489473,54.7293041,513,Kaliningrad Oblast,Russia,2020/12/15 05:26:38+00,54.7293041,21.1489473,14281,10888,135,3258,,,"Kaliningrad Oblast, Russia"
45.3275745,46.2313018,514,Kalmykia Republic,Russia,2020/12/15 05:26:38+00,46.2313018,45.3275745,13019,10660,169,2190,,,"Kalmykia Republic, Russia"
35.5272854,54.4382773,515,Kaluga Oblast,Russia,2020/12/15 05:26:38+00,54.4382773,35.5272854,18169,16927,131,1111,,,"Kaluga Oblast, Russia"
160.0383819,57.1914882,516,Kamchatka Krai,Russia,2020/12/15 05:26:38+00,57.1914882,160.0383819,8768,7723,82,963,,,"Kamchatka Krai, Russia"
41.7267991,43.7368326,517,Karachay-Cherkess Republic,Russia,2020/12/15 05:26:38+00,43.7368326,41.7267991,13559,12034,37,1488,,,"Karachay-Cherkess Republic, Russia"
33.4920267,62.6194031,518,Karelia Republic,Russia,2020/12/15 05:26:38+00,62.6194031,33.4920267,21282,13535,127,7620,,,"Karelia Republic, Russia"
87.342861,54.5335781,519,Kemerovo Oblast,Russia,2020/12/15 05:26:38+00,54.5335781,87.342861,23200,19888,429,2883,,,"Kemerovo Oblast, Russia"
136.121524,51.6312684,520,Khabarovsk Krai,Russia,2020/12/15 05:26:38+00,51.6312684,136.121524,29282,23311,183,5788,,,"Khabarovsk Krai, Russia"
91.4429362700001,53.72258845,521,Khakassia Republic,Russia,2020/12/15 05:26:38+00,53.72258845,91.44293627,14590,11032,171,3387,,,"Khakassia Republic, Russia"
69.0982628,61.0259025,522,Khanty-Mansi Autonomous Okrug,Russia,2020/12/15 05:26:38+00,61.0259025,69.0982628,37479,33210,472,3797,,,"Khanty-Mansi Autonomous Okrug, Russia"
49.4074599,57.9665589,523,Kirov Oblast,Russia,2020/12/15 05:26:38+00,57.9665589,49.4074599,21533,14872,211,6450,,,"Kirov Oblast, Russia"
54.3326073,63.9881421,524,Komi Republic,Russia,2020/12/15 05:26:38+00,63.9881421,54.3326073,25502,21926,460,3116,,,"Komi Republic, Russia"
44.2533273,58.424756,525,Kostroma Oblast,Russia,2020/12/15 05:26:38+00,58.424756,44.2533273,13085,9665,203,3217,,,"Kostroma Oblast, Russia"
39.0261044,45.7684014,526,Krasnodar Krai,Russia,2020/12/15 05:26:38+00,45.7684014,39.0261044,24555,16579,713,7263,,,"Krasnodar Krai, Russia"
97.0979974,63.3233807,527,Krasnoyarsk Krai,Russia,2020/12/15 05:26:38+00,63.3233807,97.0979974,40916,33733,1386,5797,,,"Krasnoyarsk Krai, Russia"
64.5632681,55.7655302,528,Kurgan Oblast,Russia,2020/12/15 05:26:38+00,55.7655302,64.5632681,10186,8929,123,1134,,,"Kurgan Oblast, Russia"
36.4852695,51.6568453,529,Kursk Oblast,Russia,2020/12/15 05:26:38+00,51.6568453,36.4852695,17687,15949,242,1496,,,"Kursk Oblast, Russia"
32.3925325,60.1853296,530,Leningrad Oblast,Russia,2020/12/15 05:26:38+00,60.1853296,32.3925325,19956,17083,177,2696,,,"Leningrad Oblast, Russia"
39.1122664,52.6935178,531,Lipetsk Oblast,Russia,2020/12/15 05:26:38+00,52.6935178,39.1122664,13281,10220,168,2893,,,"Lipetsk Oblast, Russia"
153.9903764,62.48858785,532,Magadan Oblast,Russia,2020/12/15 05:26:38+00,62.48858785,153.9903764,6313,5772,58,483,,,"Magadan Oblast, Russia"
47.8817512,56.5767504,533,Mari El Republic,Russia,2020/12/15 05:26:38+00,56.5767504,47.8817512,8298,7327,107,864,,,"Mari El Republic, Russia"
44.4661144,54.4419829,534,Mordovia Republic,Russia,2020/12/15 05:26:38+00,54.4419829,44.4661144,11995,9773,75,2147,,,"Mordovia Republic, Russia"
37.6174943,55.7504461,535,Moscow,Russia,2020/12/15 05:26:38+00,55.7504461,37.6174943,698084,534552,9945,153587,,,"Moscow, Russia"
38.0353929,55.5043158,536,Moscow Oblast,Russia,2020/12/15 05:26:38+00,55.5043158,38.0353929,129305,91222,2505,35578,,,"Moscow Oblast, Russia"
33.9999151,68.0000418,537,Murmansk Oblast,Russia,2020/12/15 05:26:38+00,68.0000418,33.9999151,31421,28663,553,2205,,,"Murmansk Oblast, Russia"
57.1686375,68.2755718500001,538,Nenets Autonomous Okrug,Russia,2020/12/15 05:26:38+00,68.27557185,57.1686375,723,675,0,48,,,"Nenets Autonomous Okrug, Russia"
44.0911594,55.4718033,539,Nizhny Novgorod Oblast,Russia,2020/12/15 05:26:38+00,55.4718033,44.0911594,61322,54678,1380,5264,,,"Nizhny Novgorod Oblast, Russia"
44.6324493,42.7933611,540,North Ossetia - Alania Republic,Russia,2020/12/15 05:26:38+00,42.7933611,44.6324493,10519,9120,81,1318,,,"North Ossetia - Alania Republic, Russia"
32.5169757,58.2843833,541,Novgorod Oblast,Russia,2020/12/15 05:26:38+00,58.2843833,32.5169757,14754,10438,96,4220,,,"Novgorod Oblast, Russia"
79.4813924,54.9720169,542,Novosibirsk Oblast,Russia,2020/12/15 05:26:38+00,54.9720169,79.4813924,25136,20738,839,3559,,,"Novosibirsk Oblast, Russia"
73.5099936,56.0935263,543,Omsk Oblast,Russia,2020/12/15 05:26:38+00,56.0935263,73.5099936,25971,23278,743,1950,,,"Omsk Oblast, Russia"
36.0692477,52.9685433,544,Orel Oblast,Russia,2020/12/15 05:26:38+00,52.9685433,36.0692477,18336,16030,224,2082,,,"Orel Oblast, Russia"
54.7276647,52.0269262,545,Orenburg Oblast,Russia,2020/12/15 05:26:38+00,52.0269262,54.7276647,25705,22352,266,3087,,,"Orenburg Oblast, Russia"
44.7879181,53.1655415,546,Penza Oblast,Russia,2020/12/15 05:26:38+00,53.1655415,44.7879181,22727,18929,275,3523,,,"Penza Oblast, Russia"
56.3159546,58.5951603,547,Perm Krai,Russia,2020/12/15 05:26:38+00,58.5951603,56.3159546,25019,19081,861,5077,,,"Perm Krai, Russia"
134.726645,45.0819456,548,Primorsky Krai,Russia,2020/12/15 05:26:38+00,45.0819456,134.726645,25219,17651,290,7278,,,"Primorsky Krai, Russia"
28.8586826,57.5358729,549,Pskov Oblast,Russia,2020/12/15 05:26:38+00,57.5358729,28.8586826,16602,8324,86,8192,,,"Pskov Oblast, Russia"
40.7957942,47.6222451,550,Rostov Oblast,Russia,2020/12/15 05:26:38+00,47.6222451,40.7957942,45072,36127,1676,7269,,,"Rostov Oblast, Russia"
40.5705246,54.4226732,551,Ryazan Oblast,Russia,2020/12/15 05:26:38+00,54.4226732,40.5705246,15826,14394,111,1321,,,"Ryazan Oblast, Russia"
30.1586551,59.9606739,552,Saint Petersburg,Russia,2020/12/15 05:26:38+00,59.9606739,30.1586551,178257,100611,6388,71258,,,"Saint Petersburg, Russia"
129.642371,66.941626,553,Sakha (Yakutiya) Republic,Russia,2020/12/15 05:26:38+00,66.941626,129.642371,22992,20509,321,2162,,,"Sakha (Yakutiya) Republic, Russia"
143.448533,49.7219665,554,Sakhalin Oblast,Russia,2020/12/15 05:26:38+00,49.7219665,143.448533,13264,9926,11,3327,,,"Sakhalin Oblast, Russia"
50.8914633,53.2128813,555,Samara Oblast,Russia,2020/12/15 05:26:38+00,53.2128813,50.8914633,26219,24044,500,1675,,,"Samara Oblast, Russia"
46.8631952,51.6520555,556,Saratov Oblast,Russia,2020/12/15 05:26:38+00,51.6520555,46.8631952,30765,26066,316,4383,,,"Saratov Oblast, Russia"
33.0192065,55.0343496,557,Smolensk Oblast,Russia,2020/12/15 05:26:38+00,55.0343496,33.0192065,14375,10340,298,3737,,,"Smolensk Oblast, Russia"
43.4406913,44.8632577,558,Stavropol Krai,Russia,2020/12/15 05:26:38+00,44.8632577,43.4406913,30970,27392,631,2947,,,"Stavropol Krai, Russia"
61.8021546,58.6414755,559,Sverdlovsk Oblast,Russia,2020/12/15 05:26:38+00,58.6414755,61.8021546,51757,44031,1230,6496,,,"Sverdlovsk Oblast, Russia"
41.3578918,52.9019574,560,Tambov Oblast,Russia,2020/12/15 05:26:38+00,52.9019574,41.3578918,15078,13206,142,1730,,,"Tambov Oblast, Russia"
52.4310427300001,55.7648572,561,Tatarstan Republic,Russia,2020/12/15 05:26:38+00,55.7648572,52.43104273,11597,10159,164,1274,,,"Tatarstan Republic, Russia"
82.0475315,58.6124279,562,Tomsk Oblast,Russia,2020/12/15 05:26:38+00,58.6124279,82.0475315,21227,16502,194,4531,,,"Tomsk Oblast, Russia"
37.3690909,53.9570701,563,Tula Oblast,Russia,2020/12/15 05:26:38+00,53.9570701,37.3690909,19313,16915,567,1831,,,"Tula Oblast, Russia"
35.1744428,57.1134475,564,Tver Oblast,Russia,2020/12/15 05:26:38+00,57.1134475,35.1744428,18264,12941,413,4910,,,"Tver Oblast, Russia"
70.3658837,58.8206488,565,Tyumen Oblast,Russia,2020/12/15 05:26:38+00,58.8206488,70.3658837,20578,19278,161,1139,,,"Tyumen Oblast, Russia"
93.8582593,51.4017149,566,Tyva Republic,Russia,2020/12/15 05:26:38+00,51.4017149,93.8582593,13700,12546,140,1014,,,"Tyva Republic, Russia"
52.6959832,57.1961165,567,Udmurt Republic,Russia,2020/12/15 05:26:38+00,57.1961165,52.6959832,16036,12683,338,3015,,,"Udmurt Republic, Russia"
47.2324921,54.1463177,568,Ulyanovsk Oblast,Russia,2020/12/15 05:26:38+00,54.1463177,47.2324921,31479,28447,405,2627,,,"Ulyanovsk Oblast, Russia"
40.6561633,56.0503336,569,Vladimir Oblast,Russia,2020/12/15 05:26:38+00,56.0503336,40.6561633,15463,13806,392,1265,,,"Vladimir Oblast, Russia"
44.2903582,49.6048339,570,Volgograd Oblast,Russia,2020/12/15 05:26:38+00,49.6048339,44.2903582,30761,29303,372,1086,,,"Volgograd Oblast, Russia"
43.1215213,60.0391461,571,Vologda Oblast,Russia,2020/12/15 05:26:38+00,60.0391461,43.1215213,17251,12680,281,4290,,,"Vologda Oblast, Russia"
40.1506507,50.9800393,572,Voronezh Oblast,Russia,2020/12/15 05:26:38+00,50.9800393,40.1506507,39618,37993,837,788,,,"Voronezh Oblast, Russia"
74.3415488,67.1471631,573,Yamalo-Nenets Autonomous Okrug,Russia,2020/12/15 05:26:38+00,67.1471631,74.3415488,29035,20945,288,7802,,,"Yamalo-Nenets Autonomous Okrug, Russia"
39.0021095,57.7781976,574,Yaroslavl Oblast,Russia,2020/12/15 05:26:38+00,57.7781976,39.0021095,19064,17965,118,981,,,"Yaroslavl Oblast, Russia"
115.956325,52.248521,575,Zabaykalsky Krai,Russia,2020/12/15 05:26:38+00,52.248521,115.956325,22941,20652,339,1950,,,"Zabaykalsky Krai, Russia"
29.8739,-1.9403,576,,Rwanda,2020/12/15 05:26:38+00,-1.9403,29.8739,6747,5996,56,695,,,Rwanda
-62.782998,17.357822,577,,Saint Kitts and Nevis,2020/12/15 05:26:38+00,17.357822,-62.782998,28,23,0,5,,,Saint Kitts and Nevis
-60.9789,13.9094,578,,Saint Lucia,2020/12/15 05:26:38+00,13.9094,-60.9789,278,240,4,34,,,Saint Lucia
-61.2872,12.9843,579,,Saint Vincent and the Grenadines,2020/12/15 05:26:38+00,12.9843,-61.2872,98,81,0,17,,,Saint Vincent and the Grenadines
-172.1046,-13.759,580,,Samoa,2020/12/15 05:26:38+00,-13.759,-172.1046,2,2,0,0,,,Samoa
12.4578,43.9424,581,,San Marino,2020/12/15 05:26:38+00,43.9424,12.4578,1934,1608,51,275,,,San Marino
6.6131,0.1864,582,,Sao Tome and Principe,2020/12/15 05:26:38+00,0.1864,6.6131,1010,952,17,41,,,Sao Tome and Principe
45.079162,23.885942,583,,Saudi Arabia,2020/12/15 05:26:38+00,23.885942,45.079162,360013,350792,6059,3162,,,Saudi Arabia
-14.4524,14.4974,584,,Senegal,2020/12/15 05:26:38+00,14.4974,-14.4524,17146,16159,350,637,,,Senegal
21.0059,44.0165,585,,Serbia,2020/12/15 05:26:38+00,44.0165,21.0059,271364,0,2380,268984,,,Serbia
55.492,-4.6796,586,,Seychelles,2020/12/15 05:26:38+00,-4.6796,55.492,187,182,0,5,,,Seychelles
-11.779889,8.460555,587,,Sierra Leone,2020/12/15 05:26:38+00,8.460555,-11.779889,2445,1851,75,519,,,Sierra Leone
103.8333,1.2833,588,,Singapore,2020/12/15 05:26:38+00,1.2833,103.8333,58325,58210,29,86,,,Singapore
19.699,48.669,589,,Slovakia,2020/12/15 05:26:38+00,48.669,19.699,133489,98585,1205,33699,,,Slovakia
14.9955,46.1512,590,,Slovenia,2020/12/15 05:26:38+00,46.1512,14.9955,96745,73760,2107,20878,,,Slovenia
160.1562,-9.6457,591,,Solomon Islands,2020/12/15 05:26:38+00,-9.6457,160.1562,17,5,0,12,,,Solomon Islands
46.199616,5.152149,592,,Somalia,2020/12/15 05:26:38+00,5.152149,46.199616,4579,3529,121,929,,,Somalia
22.9375,-30.5595,593,,South Africa,2020/12/15 05:26:38+00,-30.5595,22.9375,866127,762746,23451,79930,,,South Africa
31.307,6.877,594,,South Sudan,2020/12/15 05:26:38+00,6.877,31.307,3206,3043,62,101,,,South Sudan
-4.7278,37.5443,595,Andalusia,Spain,2020/12/15 05:26:38+00,37.5443,-4.7278,248010,10671,4582,232757,,,"Andalusia, Spain"
-0.9057,41.5976,596,Aragon,Spain,2020/12/15 05:26:38+00,41.5976,-0.9057,76246,3772,2471,70003,,,"Aragon, Spain"
-5.8593,43.3614,597,Asturias,Spain,2020/12/15 05:26:38+00,43.3614,-5.8593,25616,1063,1238,23315,,,"Asturias, Spain"
2.995148,39.710358,598,Baleares,Spain,2020/12/15 05:26:38+00,39.710358,2.995148,27871,1533,427,25911,,,"Baleares, Spain"
-0.7533,39.484,599,C. Valenciana,Spain,2020/12/15 05:26:38+00,39.484,-0.7533,117532,9970,2578,104984,,,"C. Valenciana, Spain"
-16.6291,28.2916,600,Canarias,Spain,2020/12/15 05:26:38+00,28.2916,-16.6291,23578,1537,366,21675,,,"Canarias, Spain"
-3.9878,43.1828,601,Cantabria,Spain,2020/12/15 05:26:38+00,43.1828,-3.9878,16743,2287,345,14111,,,"Cantabria, Spain"
-3.0977,39.2796,602,Castilla - La Mancha,Spain,2020/12/15 05:26:38+00,39.2796,-3.0977,91305,6392,3949,80964,,,"Castilla - La Mancha, Spain"
-4.3976,41.8357,603,Castilla y Leon,Spain,2020/12/15 05:26:38+00,41.8357,-4.3976,127094,8716,4855,113523,,,"Castilla y Leon, Spain"
1.5209,41.5912,604,Catalonia,Spain,2020/12/15 05:26:38+00,41.5912,1.5209,321275,26203,8402,286670,,,"Catalonia, Spain"
-5.3213,35.8894,605,Ceuta,Spain,2020/12/15 05:26:38+00,35.8894,-5.3213,2930,163,56,2711,,,"Ceuta, Spain"
-6.0679,39.4937,606,Extremadura,Spain,2020/12/15 05:26:38+00,39.4937,-6.0679,30575,2652,1012,26911,,,"Extremadura, Spain"
-8.1339,42.5751,607,Galicia,Spain,2020/12/15 05:26:38+00,42.5751,-8.1339,54704,9204,1299,44201,,,"Galicia, Spain"
-2.5396,42.2871,608,La Rioja,Spain,2020/12/15 05:26:38+00,42.2871,-2.5396,17344,3107,575,13662,,,"La Rioja, Spain"
-3.7038,40.4168,609,Madrid,Spain,2020/12/15 05:26:38+00,40.4168,-3.7038,365184,40736,11556,312892,,,"Madrid, Spain"
-2.9381,35.2923,610,Melilla,Spain,2020/12/15 05:26:38+00,35.2923,-2.9381,4262,125,43,4094,,,"Melilla, Spain"
-1.1307,37.9922,611,Murcia,Spain,2020/12/15 05:26:38+00,37.9922,-1.1307,56592,2180,668,53744,,,"Murcia, Spain"
-1.6761,42.6954,612,Navarra,Spain,2020/12/15 05:26:38+00,42.6954,-1.6761,40864,3905,919,36040,,,"Navarra, Spain"
-2.6189,42.9896,613,Pais Vasco,Spain,2020/12/15 05:26:38+00,42.9896,-2.6189,104159,16160,2672,85327,,,"Pais Vasco, Spain"
,,614,Unknown,Spain,2020/12/15 05:26:38+00,,,0,0,0,0,,,"Unknown, Spain"
80.771797,7.873054,615,,Sri Lanka,2020/12/15 05:26:38+00,7.873054,80.771797,33478,24309,154,9015,,,Sri Lanka
30.2176,12.8628,616,,Sudan,2020/12/15 05:26:38+00,12.8628,30.2176,21591,12452,1355,7784,,,Sudan
-56.0278,3.9193,617,,Suriname,2020/12/15 05:26:38+00,3.9193,-56.0278,5359,5227,117,15,,,Suriname
15.018,56.2784,618,Blekinge,Sweden,2020/12/15 05:26:38+00,56.2784,15.018,2864,0,26,2838,,,"Blekinge, Sweden"
14.6664,61.0917,619,Dalarna,Sweden,2020/12/15 05:26:38+00,61.0917,14.6664,7656,0,201,7455,,,"Dalarna, Sweden"
16.1534,61.3012,620,Gavleborg,Sweden,2020/12/15 05:26:38+00,61.3012,16.1534,9926,0,230,9696,,,"Gavleborg, Sweden"
18.4867,57.4684,621,Gotland,Sweden,2020/12/15 05:26:38+00,57.4684,18.4867,1702,0,19,1683,,,"Gotland, Sweden"
12.8034,56.8967,622,Halland,Sweden,2020/12/15 05:26:38+00,56.8967,12.8034,8249,0,118,8131,,,"Halland, Sweden"
14.9592,63.1712,623,Jamtland Harjedalen,Sweden,2020/12/15 05:26:38+00,63.1712,14.9592,3380,0,69,3311,,,"Jamtland Harjedalen, Sweden"
14.3439,57.3708,624,Jonkoping,Sweden,2020/12/15 05:26:38+00,57.3708,14.3439,13583,0,260,13323,,,"Jonkoping, Sweden"
16.1849,57.235,625,Kalmar,Sweden,2020/12/15 05:26:38+00,57.235,16.1849,4168,0,93,4075,,,"Kalmar, Sweden"
14.4115,56.7183,626,Kronoberg,Sweden,2020/12/15 05:26:38+00,56.7183,14.4115,6213,0,159,6054,,,"Kronoberg, Sweden"
20.3992,66.8309,627,Norrbotten,Sweden,2020/12/15 05:26:38+00,66.8309,20.3992,6183,0,117,6066,,,"Norrbotten, Sweden"
15.0066,59.535,628,Orebro,Sweden,2020/12/15 05:26:38+00,59.535,15.0066,11032,0,201,10831,,,"Orebro, Sweden"
15.5198,58.3454,629,Ostergotland,Sweden,2020/12/15 05:26:38+00,58.3454,15.5198,10633,0,331,10302,,,"Ostergotland, Sweden"
13.5958,55.9903,630,Skane,Sweden,2020/12/15 05:26:38+00,55.9903,13.5958,40584,0,496,40088,,,"Skane, Sweden"
16.7519,59.0336,631,Sormland,Sweden,2020/12/15 05:26:38+00,59.0336,16.7519,7030,0,286,6744,,,"Sormland, Sweden"
18.1384,59.6025,632,Stockholm,Sweden,2020/12/15 05:26:38+00,59.6025,18.1384,93383,0,2936,90447,,,"Stockholm, Sweden"
17.2715,60.0092,633,Uppsala,Sweden,2020/12/15 05:26:38+00,60.0092,17.2715,13868,0,328,13540,,,"Uppsala, Sweden"
13.2354,59.7294,634,Varmland,Sweden,2020/12/15 05:26:38+00,59.7294,13.2354,4362,0,98,4264,,,"Varmland, Sweden"
16.5162,65.3337,635,Vasterbotten,Sweden,2020/12/15 05:26:38+00,65.3337,16.5162,5804,0,60,5744,,,"Vasterbotten, Sweden"
17.7292,63.4276,636,Vasternorrland,Sweden,2020/12/15 05:26:38+00,63.4276,17.7292,7021,0,174,6847,,,"Vasternorrland, Sweden"
16.2159,59.6714,637,Vastmanland,Sweden,2020/12/15 05:26:38+00,59.6714,16.2159,10823,0,230,10593,,,"Vastmanland, Sweden"
13.0596,58.2528,638,Vastra Gotaland,Sweden,2020/12/15 05:26:38+00,58.2528,13.0596,51634,0,1082,50552,,,"Vastra Gotaland, Sweden"
8.2275,46.8182,639,,Switzerland,2020/12/15 05:26:38+00,46.8182,8.2275,384557,308300,6154,70103,,,Switzerland
38.996815,34.802075,640,,Syria,2020/12/15 05:26:38+00,34.802075,38.996815,9302,4432,530,4340,,,Syria
121.0,23.7,641,,Taiwan*,2020/12/15 05:26:38+00,23.7,121,740,606,7,127,,,Taiwan*
71.2761,38.861,642,,Tajikistan,2020/12/15 05:26:38+00,38.861,71.2761,12741,12172,88,481,,,Tajikistan
34.888822,-6.369028,643,,Tanzania,2020/12/15 05:26:38+00,-6.369028,34.888822,509,183,21,305,,,Tanzania
100.992541,15.870032,644,,Thailand,2020/12/15 05:26:38+00,15.870032,100.992541,4246,3949,60,237,,,Thailand
125.727539,-8.874217,645,,Timor-Leste,2020/12/15 05:26:38+00,-8.874217,125.727539,31,30,0,1,,,Timor-Leste
0.8248,8.6195,646,,Togo,2020/12/15 05:26:38+00,8.6195,0.8248,3266,2789,66,411,,,Togo
-61.2225,10.6918,647,,Trinidad and Tobago,2020/12/15 05:26:38+00,10.6918,-61.2225,6885,6180,123,582,,,Trinidad and Tobago
9.537499,33.886917,648,,Tunisia,2020/12/15 05:26:38+00,33.886917,9.537499,111361,84741,3894,22726,,,Tunisia
35.2433,38.9637,649,,Turkey,2020/12/15 05:26:38+00,38.9637,35.2433,1866345,1631944,16646,217755,,,Turkey
32.290275,1.373333,650,,Uganda,2020/12/15 05:26:38+00,1.373333,32.290275,27766,9921,224,17621,,,Uganda
32.0598,49.4444,651,Cherkasy Oblast,Ukraine,2020/12/15 05:26:38+00,49.4444,32.0598,31607,13978,271,17358,,,"Cherkasy Oblast, Ukraine"
31.2893,51.4982,652,Chernihiv Oblast,Ukraine,2020/12/15 05:26:38+00,51.4982,31.2893,24411,8984,213,15214,,,"Chernihiv Oblast, Ukraine"
25.9352,48.2917,653,Chernivtsi Oblast,Ukraine,2020/12/15 05:26:38+00,48.2917,25.9352,36889,21631,710,14548,,,"Chernivtsi Oblast, Ukraine"
34.2008,45.2835,654,Crimea Republic*,Ukraine,2020/12/15 05:26:38+00,45.2835,34.2008,19289,14482,375,4432,,,"Crimea Republic*, Ukraine"
35.0462,48.4647,655,Dnipropetrovsk Oblast,Ukraine,2020/12/15 05:26:38+00,48.4647,35.0462,49535,34806,1153,13576,,,"Dnipropetrovsk Oblast, Ukraine"
37.8028,48.0159,656,Donetsk Oblast,Ukraine,2020/12/15 05:26:38+00,48.0159,37.8028,29660,19279,607,9774,,,"Donetsk Oblast, Ukraine"
24.7111,48.9226,657,Ivano-Frankivsk Oblast,Ukraine,2020/12/15 05:26:38+00,48.9226,24.7111,40768,16526,738,23504,,,"Ivano-Frankivsk Oblast, Ukraine"
36.2304,49.9935,658,Kharkiv Oblast,Ukraine,2020/12/15 05:26:38+00,49.9935,36.2304,62428,46791,896,14741,,,"Kharkiv Oblast, Ukraine"
32.6169,46.6354,659,Kherson Oblast,Ukraine,2020/12/15 05:26:38+00,46.6354,32.6169,14207,6115,308,7784,,,"Kherson Oblast, Ukraine"
26.9871,49.423,660,Khmelnytskyi Oblast,Ukraine,2020/12/15 05:26:38+00,49.423,26.9871,34840,25105,524,9211,,,"Khmelnytskyi Oblast, Ukraine"
30.5234,50.4501,661,Kiev,Ukraine,2020/12/15 05:26:38+00,50.4501,30.5234,91743,28904,1597,61242,,,"Kiev, Ukraine"
30.7667,50.053,662,Kiev Oblast,Ukraine,2020/12/15 05:26:38+00,50.053,30.7667,49044,20099,820,28125,,,"Kiev Oblast, Ukraine"
32.2623,48.5079,663,Kirovohrad Oblast,Ukraine,2020/12/15 05:26:38+00,48.5079,32.2623,7225,2900,203,4122,,,"Kirovohrad Oblast, Ukraine"
39.3078,48.574,664,Luhansk Oblast,Ukraine,2020/12/15 05:26:38+00,48.574,39.3078,7929,5673,210,2046,,,"Luhansk Oblast, Ukraine"
24.0297,49.8397,665,Lviv Oblast,Ukraine,2020/12/15 05:26:38+00,49.8397,24.0297,53844,38201,1512,14131,,,"Lviv Oblast, Ukraine"
31.9946,46.975,666,Mykolaiv Oblast,Ukraine,2020/12/15 05:26:38+00,46.975,31.9946,24099,10697,396,13006,,,"Mykolaiv Oblast, Ukraine"
30.7326,46.4846,667,Odessa Oblast,Ukraine,2020/12/15 05:26:38+00,46.4846,30.7326,58283,19956,794,37533,,,"Odessa Oblast, Ukraine"
34.5514,49.5883,668,Poltava Oblast,Ukraine,2020/12/15 05:26:38+00,49.5883,34.5514,29450,19034,606,9810,,,"Poltava Oblast, Ukraine"
26.2516,50.6199,669,Rivne Oblast,Ukraine,2020/12/15 05:26:38+00,50.6199,26.2516,36262,29984,448,5830,,,"Rivne Oblast, Ukraine"
33.522,44.6054,670,Sevastopol*,Ukraine,2020/12/15 05:26:38+00,44.6054,33.522,5366,4901,170,295,,,"Sevastopol*, Ukraine"
34.7981,50.9077,671,Sumy Oblast,Ukraine,2020/12/15 05:26:38+00,50.9077,34.7981,35968,23985,458,11525,,,"Sumy Oblast, Ukraine"
25.5948,49.5535,672,Ternopil Oblast,Ukraine,2020/12/15 05:26:38+00,49.5535,25.5948,31283,25821,426,5036,,,"Ternopil Oblast, Ukraine"
28.4682,49.2331,673,Vinnytsia Oblast,Ukraine,2020/12/15 05:26:38+00,49.2331,28.4682,19866,11846,336,7684,,,"Vinnytsia Oblast, Ukraine"
25.3254,50.7472,674,Volyn Oblast,Ukraine,2020/12/15 05:26:38+00,50.7472,25.3254,28246,21132,469,6645,,,"Volyn Oblast, Ukraine"
22.2879,48.6208,675,Zakarpattia Oblast,Ukraine,2020/12/15 05:26:38+00,48.6208,22.2879,26153,18957,582,6614,,,"Zakarpattia Oblast, Ukraine"
35.1396,47.8388,676,Zaporizhia Oblast,Ukraine,2020/12/15 05:26:38+00,47.8388,35.1396,42435,11357,396,30682,,,"Zaporizhia Oblast, Ukraine"
28.6587,50.2547,677,Zhytomyr Oblast,Ukraine,2020/12/15 05:26:38+00,50.2547,28.6587,34491,24957,574,8960,,,"Zhytomyr Oblast, Ukraine"
53.847818,23.424076,678,,United Arab Emirates,2020/12/15 05:26:38+00,23.424076,53.847818,186041,164349,618,21074,,,United Arab Emirates
-63.0686,18.2206,679,Anguilla,United Kingdom,2020/12/15 05:26:38+00,18.2206,-63.0686,10,4,0,6,,,"Anguilla, United Kingdom"
-64.7505,32.3078,680,Bermuda,United Kingdom,2020/12/15 05:26:38+00,32.3078,-64.7505,431,238,9,184,,,"Bermuda, United Kingdom"
-64.64,18.4207,681,British Virgin Islands,United Kingdom,2020/12/15 05:26:38+00,18.4207,-64.64,76,72,1,3,,,"British Virgin Islands, United Kingdom"
-81.2546,19.3133,682,Cayman Islands,United Kingdom,2020/12/15 05:26:38+00,19.3133,-81.2546,298,267,2,29,,,"Cayman Islands, United Kingdom"
-2.3644,49.3723,683,Channel Islands,United Kingdom,2020/12/15 05:26:38+00,49.3723,-2.3644,2132,1317,48,767,,,"Channel Islands, United Kingdom"
-1.1743,52.3555,684,England,United Kingdom,2020/12/15 05:26:38+00,52.3555,-1.1743,1602174,0,56280,1545894,,,"England, United Kingdom"
-59.5236,-51.7963,685,Falkland Islands (Malvinas),United Kingdom,2020/12/15 05:26:38+00,-51.7963,-59.5236,17,17,0,0,,,"Falkland Islands (Malvinas), United Kingdom"
-5.3536,36.1408,686,Gibraltar,United Kingdom,2020/12/15 05:26:38+00,36.1408,-5.3536,1082,1036,6,40,,,"Gibraltar, United Kingdom"
-4.5481,54.2361,687,Isle of Man,United Kingdom,2020/12/15 05:26:38+00,54.2361,-4.5481,373,344,25,4,,,"Isle of Man, United Kingdom"
-62.187366,16.742498,688,Montserrat,United Kingdom,2020/12/15 05:26:38+00,16.742498,-62.187366,13,12,1,0,,,"Montserrat, United Kingdom"
-6.4923,54.7877,689,Northern Ireland,United Kingdom,2020/12/15 05:26:38+00,54.7877,-6.4923,58635,0,1129,57506,,,"Northern Ireland, United Kingdom"
-4.2026,56.4907,690,Scotland,United Kingdom,2020/12/15 05:26:38+00,56.4907,-4.2026,106904,0,4111,102793,,,"Scotland, United Kingdom"
-71.7979,21.694,691,Turks and Caicos Islands,United Kingdom,2020/12/15 05:26:38+00,21.694,-71.7979,769,741,6,22,,,"Turks and Caicos Islands, United Kingdom"
,,692,Unknown,United Kingdom,2020/12/15 05:26:38+00,,,0,0,0,0,,,"Unknown, United Kingdom"
-3.7837,52.1307,693,Wales,United Kingdom,2020/12/15 05:26:38+00,52.1307,-3.7837,101953,0,2882,99071,,,"Wales, United Kingdom"
-55.7658,-32.5228,694,,Uruguay,2020/12/15 05:26:38+00,-32.5228,-55.7658,10029,6593,95,3341,,,Uruguay
64.585262,41.377491,695,,Uzbekistan,2020/12/15 05:26:38+00,41.377491,64.585262,75094,72368,612,2114,,,Uzbekistan
166.9592,-15.3767,696,,Vanuatu,2020/12/15 05:26:38+00,-15.3767,166.9592,1,1,0,0,,,Vanuatu
-66.5897,6.4238,697,,Venezuela,2020/12/15 05:26:38+00,6.4238,-66.5897,108125,103037,960,4128,,,Venezuela
108.277199,14.058324,698,,Vietnam,2020/12/15 05:26:38+00,14.058324,108.277199,1402,1246,35,121,,,Vietnam
35.2332,31.9522,699,,West Bank and Gaza,2020/12/15 05:26:38+00,31.9522,35.2332,111102,87057,1000,23045,,,West Bank and Gaza
48.516388,15.552727,700,,Yemen,2020/12/15 05:26:38+00,15.552727,48.516388,2084,1384,606,94,,,Yemen
27.849332,-13.133897,701,,Zambia,2020/12/15 05:26:38+00,-13.133897,27.849332,18322,17409,367,546,,,Zambia
29.154857,-19.015438,702,,Zimbabwe,2020/12/15 05:26:38+00,-19.015438,29.154857,11358,9554,309,1495,,,Zimbabwe
-89.678696,32.741646,703,Mississippi,US,2020/12/15 05:26:38+00,32.741646,-89.678696,181095,0,4204,176891,,28,"Mississippi, US"
-122.665479,37.64894,704,Grand Princess,US,2020/08/04 02:27:56+00,37.64894,-122.665479,103,0,3,100,,,"Grand Princess, US"
-96.928917,35.565342,705,Oklahoma,US,2020/12/15 05:26:38+00,35.565342,-96.928917,239767,0,2072,237695,,40,"Oklahoma, US"
-75.507141,39.318523,706,Delaware,US,2020/12/15 05:26:38+00,39.318523,-75.507141,46457,0,816,45641,,10,"Delaware, US"
-93.900192,45.694454,707,Minnesota,US,2020/12/15 05:26:38+00,45.694454,-93.900192,381841,0,4521,377320,,27,"Minnesota, US"
-88.986137,40.349457,708,Illinois,US,2020/12/15 05:26:38+00,40.349457,-88.986137,856118,0,15454,840664,,17,"Illinois, US"
-92.373123,34.969704,709,Arkansas,US,2020/12/15 05:26:38+00,34.969704,-92.373123,187057,0,2990,184067,,05,"Arkansas, US"
-106.248482,34.840515,710,New Mexico,US,2020/12/15 05:26:38+00,34.840515,-106.248482,121299,0,1978,119321,,35,"New Mexico, US"
-86.258278,39.849426,711,Indiana,US,2020/12/15 05:26:38+00,39.849426,-86.258278,430401,0,6840,423561,,18,"Indiana, US"
-91.867805,31.169546,712,Louisiana,US,2020/12/15 05:26:38+00,31.169546,-91.867805,269643,0,6845,262798,,22,"Louisiana, US"
-97.563461,31.054487,713,Texas,US,2020/12/15 05:26:38+00,31.054487,-97.563461,1492917,0,24440,1468391,,48,"Texas, US"
-89.616508,44.268543,714,Wisconsin,US,2020/12/15 05:26:38+00,44.268543,-89.616508,471285,0,4352,466933,,55,"Wisconsin, US"
-96.726486,38.5266,715,Kansas,US,2020/12/15 05:26:38+00,38.5266,-96.726486,193010,0,2109,190901,,20,"Kansas, US"
0.0,0.0,716,Recovered,US,2020/12/15 05:26:38+00,0,0,0,6399531,0,0,,,"Recovered, US"
-170.132,-14.271,717,American Samoa,US,1970/01/01 00:00:00+00,-14.271,-170.132,0,0,0,0,,,"American Samoa, US"
-72.755371,41.597782,718,Connecticut,US,2020/12/15 05:26:38+00,41.597782,-72.755371,153992,0,5444,148548,,09,"Connecticut, US"
-64.8963,18.3358,719,Virgin Islands,US,2020/12/15 05:26:38+00,18.3358,-64.8963,1807,0,23,1784,,,"Virgin Islands, US"
-119.681564,36.116203,720,California,US,2020/12/15 05:26:38+00,36.116203,-119.681564,1611493,0,21144,1590349,,06,"California, US"
-66.5901,18.2208,721,Puerto Rico,US,2020/12/15 05:26:38+00,18.2208,-66.5901,62985,0,1282,61703,,72,"Puerto Rico, US"
-83.643074,33.040619,722,Georgia,US,2020/12/15 05:26:38+00,33.040619,-83.643074,546558,0,10104,536454,,13,"Georgia, US"
-99.784012,47.528912,723,North Dakota,US,2020/12/15 05:26:38+00,47.528912,-99.784012,88067,0,1157,86910,,38,"North Dakota, US"
-77.209755,40.590752,724,Pennsylvania,US,2020/12/15 05:26:38+00,40.590752,-77.209755,505174,0,12552,492622,,42,"Pennsylvania, US"
-80.954453,38.491226,725,West Virginia,US,2020/12/15 05:26:38+00,38.491226,-80.954453,64394,0,978,63416,,54,"West Virginia, US"
-152.404419,61.370716,726,Alaska,US,2020/12/15 05:26:38+00,61.370716,-152.404419,41573,0,176,41397,,02,"Alaska, US"
-86.692345,35.747845,727,Tennessee,US,2020/12/15 05:26:38+00,35.747845,-86.692345,464624,0,5541,459083,,47,"Tennessee, US"
-64.933,18.35,728,United States Virgin Islands,US,1970/01/01 00:00:00+00,18.35,-64.933,0,0,0,0,,,"United States Virgin Islands, US"
-92.288368,38.456085,729,Missouri,US,2020/12/15 05:26:38+00,38.456085,-92.288368,356107,0,4613,351494,,29,"Missouri, US"
-99.438828,44.299782,730,South Dakota,US,2020/12/15 05:26:38+00,44.299782,-99.438828,91354,0,1259,90095,,46,"South Dakota, US"
-105.311104,39.059811,731,Colorado,US,2020/12/15 05:26:38+00,39.059811,-105.311104,291104,0,3969,287135,,08,"Colorado, US"
-74.521011,40.298904,732,New Jersey,US,2020/12/15 05:26:38+00,40.298904,-74.521011,405448,0,17775,387673,,34,"New Jersey, US"
144.7937,13.4443,733,Guam,US,2020/12/15 05:26:38+00,13.4443,144.7937,7137,0,119,7018,,,"Guam, US"
-121.490494,47.400902,734,Washington,US,2020/12/15 05:26:38+00,47.400902,-121.490494,203797,0,2918,200879,,53,"Washington, US"
-74.948051,42.165726,735,New York,US,2020/12/15 05:26:38+00,42.165726,-74.948051,784204,0,35427,748777,,36,"New York, US"
-117.055374,38.313515,736,Nevada,US,2020/12/15 05:26:38+00,38.313515,-117.055374,189413,0,2548,186865,,32,"Nevada, US"
145.6739,15.0979,737,Northern Mariana Islands,US,2020/12/15 05:26:38+00,15.0979,145.6739,113,0,2,111,,,"Northern Mariana Islands, US"
139.638,35.4437,738,Diamond Princess,US,2020/08/04 02:27:56+00,35.4437,139.638,49,0,0,49,,,"Diamond Princess, US"
-76.802101,39.063946,739,Maryland,US,2020/12/15 05:26:38+00,39.063946,-76.802101,236961,0,5142,231819,,24,"Maryland, US"
-114.478828,44.240459,740,Idaho,US,2020/12/15 05:26:38+00,44.240459,-114.478828,122217,0,1194,121023,,16,"Idaho, US"
-107.30249,42.755966,741,Wyoming,US,2020/12/15 05:26:38+00,42.755966,-107.30249,39775,0,321,39454,,56,"Wyoming, US"
-111.431221,33.729759,742,Arizona,US,2020/12/15 05:26:38+00,33.729759,-111.431221,420248,0,7358,412890,,04,"Arizona, US"
-93.210526,42.011539,743,Iowa,US,2020/12/15 05:26:38+00,42.011539,-93.210526,257311,0,3269,254042,,19,"Iowa, US"
-84.536095,43.326618,744,Michigan,US,2020/12/15 05:26:38+00,43.326618,-84.536095,472780,0,11289,461491,,26,"Michigan, US"
-111.862434,40.150032,745,Utah,US,2020/12/15 05:26:38+00,40.150032,-111.862434,235872,0,1062,234810,,49,"Utah, US"
-78.169968,37.769337,746,Virginia,US,2020/12/15 05:26:38+00,37.769337,-78.169968,285149,0,4414,280735,,51,"Virginia, US"
-122.070938,44.572021,747,Oregon,US,2020/12/15 05:26:38+00,44.572021,-122.070938,95010,0,1161,93849,,41,"Oregon, US"
-110.454353,46.921925,748,Montana,US,2020/12/15 05:26:38+00,46.921925,-110.454353,73303,0,818,72485,,30,"Montana, US"
-71.563896,43.452492,749,New Hampshire,US,2020/12/15 05:26:38+00,43.452492,-71.563896,31875,0,604,31271,,33,"New Hampshire, US"
-71.530106,42.230171,750,Massachusetts,US,2020/12/15 05:26:38+00,42.230171,-71.530106,294231,0,11388,282843,,25,"Massachusetts, US"
-80.945007,33.856892,751,South Carolina,US,2020/12/15 05:26:38+00,33.856892,-80.945007,254776,0,4751,250025,,45,"South Carolina, US"
-72.710686,44.045876,752,Vermont,US,2020/12/15 05:26:38+00,44.045876,-72.710686,5857,0,96,5761,,50,"Vermont, US"
-81.686783,27.766279,753,Florida,US,2020/12/15 05:26:38+00,27.766279,-81.686783,1134383,0,20003,1114380,,12,"Florida, US"
-157.498337,21.094318,754,Hawaii,US,2020/12/15 05:26:38+00,21.094318,-157.498337,19775,0,274,19501,,15,"Hawaii, US"
-84.670067,37.66814,755,Kentucky,US,2020/12/15 05:26:38+00,37.66814,-84.670067,224889,0,2224,222665,,21,"Kentucky, US"
-71.51178,41.680893,756,Rhode Island,US,2020/12/15 05:26:38+00,41.680893,-71.51178,74071,0,1555,72516,,44,"Rhode Island, US"
-98.268082,41.12537,757,Nebraska,US,2020/12/15 05:26:38+00,41.12537,-98.268082,149344,0,1418,147926,,31,"Nebraska, US"
-82.764915,40.388783,758,Ohio,US,2020/12/15 05:26:38+00,40.388783,-82.764915,570602,0,7551,563051,,39,"Ohio, US"
-86.9023,32.3182,759,Alabama,US,2020/12/15 05:26:38+00,32.3182,-86.9023,297895,0,4102,293793,,01,"Alabama, US"
-79.806419,35.630066,760,North Carolina,US,2020/12/15 05:26:38+00,35.630066,-79.806419,441365,0,5855,435510,,37,"North Carolina, US"
-77.026817,38.897438,761,District of Columbia,US,2020/12/15 05:26:38+00,38.897438,-77.026817,25038,0,716,24322,,11,"District of Columbia, US"
-69.381927,44.693947,762,Maine,US,2020/12/15 05:26:38+00,44.693947,-69.381927,16349,0,259,16090,,23,"Maine, US"
